track_id,title_Classical,title_Dance,title_Electronic,title_Experimental,title_Hip-Hop,title_Metal,title_Old-Time / Historic,title_Pop,title_Punk,title_Rock,title_Techno
257,0,0,0,0,0,1,0,0,0,1,0
564,0,0,0,0,0,0,0,0,0,1,0
583,0,0,0,0,1,0,0,0,0,0,0
672,0,0,0,0,1,0,0,0,0,0,0
680,0,0,0,0,1,0,0,0,0,0,0
694,0,0,0,0,1,0,0,0,0,0,0
819,0,0,0,1,0,0,0,0,0,0,0
822,0,0,0,0,0,0,0,1,0,0,0
824,0,0,0,0,0,0,0,0,0,1,0
898,0,0,0,1,0,0,0,0,0,0,0
1016,0,0,0,0,0,1,0,0,0,1,0
1018,0,0,0,0,0,1,0,0,0,1,0
1069,0,0,0,1,0,0,0,0,0,0,0
1075,0,0,0,1,0,0,0,0,0,0,0
1095,0,0,0,1,0,0,0,0,0,0,0
1108,0,0,0,0,0,0,0,0,0,1,0
1131,0,0,0,0,0,0,0,0,0,1,0
1179,0,0,0,0,0,0,0,0,0,1,0
1363,0,0,0,0,0,0,0,0,0,1,0
1443,0,0,0,1,0,0,0,0,0,0,0
1510,0,0,0,1,0,0,0,0,0,0,0
1644,0,0,0,0,0,0,0,1,0,0,0
1649,0,0,0,0,0,0,0,1,0,0,0
1663,0,0,0,0,0,0,0,1,0,0,0
1674,0,0,0,1,0,0,0,0,0,0,0
2096,0,0,0,1,0,0,0,0,0,0,0
3469,0,0,0,0,0,0,0,0,1,1,0
3478,0,0,0,0,0,0,0,0,1,1,0
3533,0,0,0,0,0,0,0,1,0,0,0
3536,0,0,0,0,0,0,0,1,0,0,0
3558,0,0,1,0,0,0,0,0,0,0,0
3606,0,0,0,0,0,0,0,0,0,1,0
3833,0,0,0,0,0,0,0,0,0,1,0
3863,0,0,0,0,0,0,0,0,1,1,0
3956,0,0,0,0,0,0,0,0,0,1,0
4022,0,0,0,0,0,0,0,0,1,1,0
4043,0,0,0,0,0,0,0,0,1,1,0
4133,0,0,0,0,0,0,0,0,1,1,0
4202,0,0,0,0,0,0,0,0,0,1,0
4311,0,0,0,0,0,0,0,0,0,1,0
4490,0,0,0,0,0,0,0,0,1,1,0
4683,0,0,0,0,1,0,0,0,0,0,0
4752,0,0,0,0,0,0,0,0,0,1,0
4755,0,0,0,1,0,0,0,0,0,0,0
4757,0,0,0,1,0,0,0,0,0,0,0
4781,0,0,0,0,0,0,0,0,0,1,0
4836,0,0,0,0,0,0,0,0,0,1,0
4851,1,0,0,0,0,0,0,0,0,0,0
5009,0,0,0,0,0,0,1,0,0,0,0
5013,0,0,0,0,0,0,1,0,0,0,0
5016,0,0,0,0,0,0,1,0,0,0,0
5017,0,0,0,0,0,0,1,0,0,0,0
5019,0,0,0,0,0,0,1,0,0,0,0
5021,0,0,0,0,0,0,1,0,0,0,0
5023,0,0,0,0,0,0,1,0,0,0,0
5029,0,0,0,0,0,0,1,0,0,0,0
5030,0,0,0,0,0,0,1,0,0,0,0
5033,0,0,0,0,0,0,1,0,0,0,0
5036,0,0,0,0,0,0,1,0,0,0,0
5038,0,0,0,0,0,0,1,0,0,0,0
5044,0,0,0,0,0,0,1,0,0,0,0
5152,0,0,0,0,0,0,0,0,0,1,0
5178,0,0,0,0,0,0,0,1,0,0,0
5191,0,0,0,0,0,0,0,1,0,0,0
5258,0,0,0,0,0,0,0,0,1,1,0
5264,0,0,0,0,1,0,0,0,0,0,0
5267,0,0,0,0,1,0,0,0,0,0,0
5533,0,0,0,1,0,0,0,0,0,0,0
6439,0,0,0,0,1,0,0,0,0,0,0
6609,0,0,0,0,1,0,0,0,0,0,0
6611,0,0,0,0,1,0,0,0,0,0,0
6675,0,0,0,1,0,0,0,0,0,0,0
6716,0,0,0,0,0,1,0,0,0,1,0
6718,0,0,0,0,0,1,0,0,0,1,0
6734,0,0,0,0,0,1,0,0,0,1,0
6761,0,0,1,0,0,0,0,0,0,0,0
6777,0,0,0,0,0,1,0,0,0,1,0
7203,0,0,0,0,0,0,0,0,1,1,0
7208,0,0,0,0,0,0,0,0,0,1,0
7259,0,0,0,0,0,0,0,0,0,1,0
7375,0,0,0,1,0,0,0,0,0,0,0
7383,0,0,0,1,0,0,0,0,0,0,0
7482,0,0,0,0,1,0,0,0,0,0,0
7485,0,0,0,0,1,0,0,0,0,0,0
7490,0,0,0,0,1,0,0,0,0,0,0
7526,0,0,0,0,0,0,0,1,0,0,0
7528,0,0,0,0,0,0,0,1,0,0,0
7549,0,0,0,1,0,0,0,0,0,0,0
7553,0,0,0,1,0,0,0,0,0,0,0
7555,0,0,0,1,0,0,0,0,0,0,0
7777,0,0,0,0,0,1,0,0,0,1,0
7779,0,0,0,0,0,1,0,0,0,1,0
7780,0,0,0,0,0,1,0,0,0,1,0
7782,0,0,0,0,0,1,0,0,0,1,0
7874,0,0,0,0,0,0,0,0,1,1,0
8331,0,0,0,1,0,0,0,0,0,0,0
8345,0,0,0,1,0,0,0,0,0,0,0
8349,0,0,0,1,0,0,0,0,0,0,0
8364,0,0,0,1,0,0,0,0,0,0,0
8376,0,0,0,1,0,0,0,0,0,0,0
8416,0,0,0,1,0,0,0,0,0,0,0
8578,0,0,0,0,0,0,0,0,0,1,0
9477,0,0,0,1,0,0,0,0,0,0,0
9505,0,0,0,1,0,0,0,0,0,0,0
9513,0,0,0,0,0,0,0,0,1,1,0
9553,0,0,0,0,0,0,0,0,0,1,0
9608,0,0,0,1,0,0,0,0,0,0,0
9857,0,0,0,0,1,0,0,0,0,0,0
9918,0,0,0,1,0,0,0,0,0,0,0
9967,0,0,0,0,0,0,0,0,1,1,0
9987,0,0,0,0,0,0,0,0,0,1,0
9993,0,0,0,0,0,0,0,0,0,1,0
10027,1,0,0,0,0,0,0,0,0,0,0
10029,1,0,0,0,0,0,0,0,0,0,0
10032,1,0,0,0,0,0,0,0,0,0,0
10035,1,0,0,0,0,0,0,0,0,0,0
10038,1,0,0,0,0,0,0,0,0,0,0
10041,1,0,0,0,0,0,0,0,0,0,0
10043,1,0,0,0,0,0,0,0,0,0,0
10045,1,0,0,0,0,0,0,0,0,0,0
10089,0,0,0,0,0,0,1,0,0,0,0
10104,0,0,0,0,0,0,1,0,0,0,0
10357,0,0,0,0,0,0,1,0,0,0,0
10363,0,0,0,0,0,0,1,0,0,0,0
10366,0,0,0,0,0,0,1,0,0,0,0
10367,0,0,0,0,0,0,1,0,0,0,0
10435,0,0,0,1,0,0,0,0,0,0,0
10521,0,0,0,1,0,0,0,0,0,0,0
10527,0,0,0,1,0,0,0,0,0,0,0
10554,0,0,0,1,0,0,0,0,0,0,0
10670,0,0,0,0,0,0,0,0,0,1,0
10677,0,0,0,0,0,0,0,0,0,1,0
10695,0,0,0,0,1,0,0,0,0,0,0
10806,0,0,0,0,0,0,0,1,0,0,0
10808,0,0,0,0,0,0,0,1,0,0,0
10809,0,0,0,0,0,0,0,1,0,0,0
10943,0,0,0,0,1,0,0,0,0,0,0
10951,0,0,0,0,1,0,0,0,0,0,0
10954,0,0,0,0,1,0,0,0,0,0,0
11020,0,0,0,1,0,0,0,0,0,0,0
11031,0,0,0,0,0,0,0,0,1,1,0
11198,0,0,0,0,0,0,0,1,0,0,0
11242,0,0,0,1,0,0,0,0,0,0,0
11298,0,0,0,0,1,0,0,0,0,0,0
11334,0,0,0,1,0,0,0,0,0,0,0
11375,1,0,0,0,0,0,0,0,0,0,0
11390,1,0,0,0,0,0,0,0,0,0,0
11396,1,0,0,0,0,0,0,0,0,0,0
11398,1,0,0,0,0,0,0,0,0,0,0
11406,1,0,0,0,0,0,0,0,0,0,0
11418,1,0,0,0,0,0,0,0,0,0,0
11420,1,0,0,0,0,0,0,0,0,0,0
11425,1,0,0,0,0,0,0,0,0,0,0
11427,1,0,0,0,0,0,0,0,0,0,0
11429,1,0,0,0,0,0,0,0,0,0,0
11431,1,0,0,0,0,0,0,0,0,0,0
11433,1,0,0,0,0,0,0,0,0,0,0
11609,0,1,1,0,0,0,0,0,0,0,0
11696,1,0,0,0,0,0,0,0,0,0,0
11713,0,0,0,0,0,1,0,0,0,1,0
11716,1,0,0,0,0,0,0,0,0,0,0
11720,1,0,0,0,0,0,0,0,0,0,0
11722,1,0,0,0,0,0,0,0,0,0,0
11734,1,0,0,0,0,0,0,0,0,0,0
11738,1,0,0,0,0,0,0,0,0,0,0
11750,1,0,0,0,0,0,0,0,0,0,0
11753,1,0,0,0,0,0,0,0,0,0,0
11758,1,0,0,0,0,0,0,0,0,0,0
11765,0,0,0,0,1,0,0,0,0,0,0
11768,0,0,0,0,1,0,0,0,0,0,0
11771,0,0,0,0,1,0,0,0,0,0,0
11776,0,0,0,0,1,0,0,0,0,0,0
11779,0,0,0,0,1,0,0,0,0,0,0
11783,0,0,0,0,1,0,0,0,0,0,0
11786,0,0,0,0,1,0,0,0,0,0,0
11788,0,0,0,0,1,0,0,0,0,0,0
11791,0,0,0,0,1,0,0,0,0,0,0
11813,0,0,0,0,1,0,0,0,0,0,0
11816,0,0,0,0,1,0,0,0,0,0,0
11819,0,0,0,0,1,0,0,0,0,0,0
11832,0,0,0,0,1,0,0,0,0,0,0
11836,0,0,0,0,1,0,0,0,0,0,0
11840,0,0,0,0,1,0,0,0,0,0,0
11857,0,0,0,0,1,0,0,0,0,0,0
11859,0,0,0,0,1,0,0,0,0,0,0
11864,0,0,0,0,1,0,0,0,0,0,0
11869,0,0,0,0,1,0,0,0,0,0,0
11879,0,0,0,0,1,0,0,0,0,0,0
11884,0,0,0,0,1,0,0,0,0,0,0
11886,0,0,0,0,1,0,0,0,0,0,0
11892,0,0,0,0,1,0,0,0,0,0,0
11896,0,0,0,0,1,0,0,0,0,0,0
11937,0,0,0,0,0,0,0,1,0,0,0
11947,0,0,0,1,0,0,0,0,0,0,0
11976,0,0,0,0,1,0,0,0,0,0,0
12146,0,0,0,0,0,0,0,1,0,0,0
12179,0,0,0,0,0,0,0,1,0,0,0
12185,0,0,0,0,1,0,0,0,0,0,0
12346,0,0,0,1,0,0,0,0,0,0,0
12387,0,0,0,0,0,0,0,1,0,0,0
12390,0,0,0,0,0,0,0,1,0,0,0
12526,0,0,0,0,1,0,0,0,0,0,0
12527,0,0,0,0,0,0,0,1,0,0,0
12537,0,0,0,0,0,0,0,1,0,0,0
12552,0,0,0,0,0,0,0,1,0,0,0
12595,0,0,0,0,0,1,0,0,0,1,0
12599,0,0,0,0,0,1,0,0,0,1,0
12601,0,0,0,0,0,1,0,0,0,1,0
12610,0,0,0,0,0,1,0,0,0,1,0
12614,0,0,0,0,0,1,0,0,0,1,0
12737,0,0,0,1,0,0,0,0,0,0,0
12923,1,0,0,0,0,0,0,0,0,0,0
12926,1,0,0,0,0,0,0,0,0,0,0
12990,0,0,1,0,0,0,0,0,0,0,0
13014,0,0,0,1,0,0,0,0,0,0,0
13115,0,1,1,0,0,0,0,0,0,0,1
13118,0,1,1,0,0,0,0,0,0,0,1
13120,0,1,1,0,0,0,0,0,0,0,1
13122,0,1,1,0,0,0,0,0,0,0,1
13124,0,1,1,0,0,0,0,0,0,0,1
13126,0,1,1,0,0,0,0,0,0,0,1
13128,0,1,1,0,0,0,0,0,0,0,1
13197,0,0,0,0,0,0,0,1,0,0,0
13201,0,0,0,0,1,0,0,0,0,0,0
13218,0,0,0,0,0,0,0,1,0,0,0
13220,0,0,0,0,0,0,0,1,0,0,0
13325,0,0,0,0,0,0,0,0,0,1,0
13329,0,0,0,0,0,0,0,1,0,0,0
13376,0,0,0,1,0,0,0,0,0,0,0
13378,0,0,0,0,0,0,0,1,0,0,0
13563,0,0,0,0,0,0,0,0,0,1,0
13579,0,0,0,1,0,0,0,0,0,0,0
13670,0,0,0,0,1,0,0,0,0,0,0
13711,0,0,1,0,0,0,0,0,0,0,0
13744,0,0,0,0,1,0,0,0,0,0,0
13748,0,0,0,0,1,0,0,0,0,0,0
13767,0,0,0,0,1,0,0,0,0,0,0
14081,0,0,1,0,0,0,0,0,0,0,1
14085,0,0,1,0,0,0,0,0,0,0,1
14088,0,0,1,0,0,0,0,0,0,0,1
14099,0,0,0,0,0,0,0,0,1,1,0
14198,0,0,0,0,0,0,0,0,1,1,0
14211,0,0,1,0,0,0,0,0,0,0,0
14359,0,0,0,0,1,0,0,0,0,0,0
14363,0,0,0,0,1,0,0,0,0,0,0
14366,0,0,0,0,1,0,0,0,0,0,0
14380,0,0,0,0,1,0,0,0,0,0,0
14389,0,0,0,0,1,0,0,0,0,0,0
14391,0,0,0,0,1,0,0,0,0,0,0
14479,0,0,1,0,0,0,0,0,0,0,1
14540,0,0,0,0,1,0,0,0,0,0,0
14649,1,0,0,0,0,0,0,0,0,0,0
14744,0,0,0,0,0,0,0,0,0,1,0
14754,0,0,0,0,0,0,0,0,0,1,0
14793,0,0,1,0,0,0,0,0,0,0,1
14796,0,0,1,0,0,0,0,0,0,0,1
14801,0,0,1,0,0,0,0,0,0,0,1
14824,0,0,1,0,0,0,0,0,0,0,1
14867,0,0,1,0,0,0,0,0,0,0,1
14870,0,0,1,0,0,0,0,0,0,0,1
14876,0,0,1,0,0,0,0,0,0,0,1
14918,0,0,1,0,0,0,0,0,0,0,1
14921,0,0,1,0,0,0,0,0,0,0,1
14974,0,0,1,0,0,0,0,0,0,0,1
14997,0,0,1,0,0,0,0,0,0,0,1
15023,0,0,1,0,0,0,0,0,0,0,1
15094,0,0,0,1,0,0,0,0,0,0,0
15145,0,0,0,0,1,0,0,0,0,0,0
15202,0,0,0,0,1,0,0,0,0,0,0
15208,0,0,0,0,1,0,0,0,0,0,0
15261,0,0,0,0,0,0,0,0,1,1,0
15370,0,0,1,0,0,0,0,0,0,0,0
15476,0,0,0,1,0,0,0,0,0,0,0
15482,0,0,0,0,1,0,0,0,0,0,0
15625,0,0,0,1,0,0,0,0,0,0,0
15629,1,0,0,0,0,0,0,0,0,0,0
15770,0,0,1,0,0,0,0,0,0,0,0
15865,0,0,0,0,1,0,0,0,0,0,0
15869,0,0,0,0,1,0,0,0,0,0,0
15961,0,1,1,0,0,0,0,0,0,0,1
15963,0,1,1,0,0,0,0,0,0,0,1
15965,0,1,1,0,0,0,0,0,0,0,1
15967,0,1,1,0,0,0,0,0,0,0,1
15970,0,1,1,0,0,0,0,0,0,0,1
15989,0,0,1,0,0,0,0,0,0,0,1
15995,0,0,1,0,0,0,0,0,0,0,1
16036,1,0,0,0,0,0,0,0,0,0,0
16047,0,0,1,0,0,0,0,0,0,0,1
16048,0,0,1,0,0,0,0,0,0,0,1
16050,0,0,1,0,0,0,0,0,0,0,1
16056,0,0,1,0,0,0,0,0,0,0,1
16155,0,0,0,0,0,0,0,1,0,0,0
16161,0,0,0,0,1,0,0,0,0,0,0
16181,0,0,0,0,0,0,0,0,1,1,0
16337,0,0,0,0,0,0,0,1,0,0,0
16339,0,0,0,0,0,0,0,1,0,0,0
16340,0,0,0,0,0,0,0,1,0,0,0
16348,0,0,0,0,0,0,1,0,0,0,0
16352,0,0,0,0,0,0,1,0,0,0,0
16365,0,0,0,0,0,0,1,0,0,0,0
16369,0,0,0,0,0,0,1,0,0,0,0
16370,0,0,0,0,0,0,1,0,0,0,0
16373,0,0,0,0,0,0,1,0,0,0,0
16374,0,0,0,0,0,0,1,0,0,0,0
16376,0,0,0,0,0,0,1,0,0,0,0
16380,0,0,0,0,0,0,1,0,0,0,0
16382,0,0,0,0,0,0,1,0,0,0,0
16383,0,0,0,0,0,0,1,0,0,0,0
16385,0,0,0,0,0,0,1,0,0,0,0
16387,0,0,0,0,0,0,1,0,0,0,0
16390,0,0,0,0,0,0,1,0,0,0,0
16391,0,0,0,0,0,0,1,0,0,0,0
16393,0,0,0,0,0,0,1,0,0,0,0
16399,0,0,0,0,0,0,1,0,0,0,0
16400,0,0,0,0,0,0,1,0,0,0,0
16403,0,0,0,0,0,0,1,0,0,0,0
16404,0,0,0,0,0,0,1,0,0,0,0
16406,0,0,0,0,0,0,1,0,0,0,0
16422,0,0,0,0,0,0,1,0,0,0,0
16425,0,0,0,0,0,0,1,0,0,0,0
16426,0,0,0,0,0,0,1,0,0,0,0
16429,0,0,0,0,0,0,1,0,0,0,0
16430,0,0,0,0,0,0,1,0,0,0,0
16432,0,0,0,0,0,0,1,0,0,0,0
16434,0,0,0,0,0,0,0,0,0,1,0
16546,0,0,0,0,1,0,0,0,0,0,0
16581,0,1,1,0,0,0,0,0,0,0,1
16583,0,1,1,0,0,0,0,0,0,0,1
16585,0,1,1,0,0,0,0,0,0,0,1
16587,0,1,1,0,0,0,0,0,0,0,1
16589,0,1,1,0,0,0,0,0,0,0,1
16591,0,1,1,0,0,0,0,0,0,0,1
16848,0,0,0,0,0,0,0,0,1,1,0
16879,0,0,0,0,1,0,0,0,0,0,0
16896,0,0,0,0,0,0,0,1,0,0,0
16937,0,0,0,1,0,0,0,0,0,0,0
16989,1,0,0,0,0,0,0,0,0,0,0
17345,0,0,0,0,0,0,0,1,0,0,0
17455,0,0,0,0,0,0,0,0,1,1,0
17489,0,0,0,0,1,0,0,0,0,0,0
17492,0,0,0,0,1,0,0,0,0,0,0
17497,0,0,0,0,1,0,0,0,0,0,0
17500,0,0,0,0,1,0,0,0,0,0,0
17576,0,0,0,0,0,0,0,0,1,1,0
17584,1,0,0,0,0,0,0,0,0,0,0
17644,0,0,0,1,0,0,0,0,0,0,0
17678,1,0,0,0,0,0,0,0,0,0,0
17735,0,0,0,0,0,1,0,0,0,1,0
17740,0,0,0,0,0,0,0,0,0,1,0
17794,1,0,0,0,0,0,0,0,0,0,0
17856,0,0,0,0,0,0,0,0,1,1,0
17857,0,0,0,0,0,0,0,0,1,1,0
17988,0,0,0,0,0,0,1,0,0,0,0
17990,0,0,0,0,0,0,1,0,0,0,0
17992,0,0,0,0,0,0,1,0,0,0,0
17995,0,0,0,0,0,0,1,0,0,0,0
17997,0,0,0,0,0,0,1,0,0,0,0
17998,0,0,0,0,0,0,1,0,0,0,0
18000,0,0,0,0,0,0,1,0,0,0,0
18003,0,0,0,0,0,0,1,0,0,0,0
18005,0,0,0,0,0,0,1,0,0,0,0
18007,0,0,0,0,0,0,1,0,0,0,0
18008,0,0,0,0,0,0,1,0,0,0,0
18010,0,0,0,0,0,0,1,0,0,0,0
18013,0,0,0,0,0,0,1,0,0,0,0
18015,0,0,0,0,0,0,1,0,0,0,0
18017,0,0,0,0,0,0,1,0,0,0,0
18019,0,0,0,0,0,0,1,0,0,0,0
18020,0,0,0,0,0,0,1,0,0,0,0
18022,0,0,0,0,0,0,1,0,0,0,0
18025,0,0,0,0,0,0,1,0,0,0,0
18027,0,0,0,0,0,0,1,0,0,0,0
18029,0,0,0,0,0,0,1,0,0,0,0
18030,0,0,0,0,0,0,1,0,0,0,0
18145,0,0,0,0,0,0,0,1,0,0,0
18217,0,0,0,0,1,0,0,0,0,0,0
18579,0,0,0,1,0,0,0,0,0,0,0
18589,0,0,0,0,0,0,0,1,0,0,0
18592,0,0,0,0,0,0,0,1,0,0,0
18656,0,0,0,1,0,0,0,0,0,0,0
18694,0,0,0,0,0,0,1,0,0,0,0
18712,0,0,0,0,0,0,1,0,0,0,0
18876,0,0,0,1,0,0,0,0,0,0,0
18888,0,0,0,0,0,0,0,0,0,1,0
19074,0,0,0,0,0,0,0,1,0,0,0
19192,0,0,0,1,0,0,0,0,0,0,0
19236,0,0,1,0,0,0,0,0,0,0,0
19268,0,0,1,0,0,0,0,0,0,0,0
19270,0,0,1,0,0,0,0,0,0,0,0
19330,1,0,0,0,0,0,0,0,0,0,0
19332,1,0,0,0,0,0,0,0,0,0,0
19413,0,0,0,0,0,0,0,1,0,0,0
19416,0,0,0,0,0,0,0,1,0,0,0
19420,0,0,0,0,0,0,0,1,0,0,0
19421,0,0,0,0,0,0,0,1,0,0,0
19425,0,0,0,0,0,0,0,1,0,0,0
19427,0,0,0,0,1,0,0,0,0,0,0
19441,0,0,0,0,0,0,0,1,0,0,0
19583,0,0,0,0,0,0,1,0,0,0,0
19586,0,0,0,0,0,0,1,0,0,0,0
19588,0,0,0,0,0,0,1,0,0,0,0
19591,0,0,0,0,0,0,1,0,0,0,0
19593,0,0,0,0,0,0,1,0,0,0,0
19602,0,0,0,0,0,0,1,0,0,0,0
19603,0,0,0,0,0,0,1,0,0,0,0
19605,0,0,0,0,0,0,1,0,0,0,0
19607,0,0,0,0,0,0,1,0,0,0,0
19609,0,0,0,0,0,0,1,0,0,0,0
19622,0,0,0,0,0,0,1,0,0,0,0
19626,0,0,0,0,0,0,1,0,0,0,0
19628,0,0,0,0,0,0,1,0,0,0,0
19631,0,0,0,0,0,0,1,0,0,0,0
19632,0,0,0,0,0,0,1,0,0,0,0
19634,0,0,0,0,0,0,1,0,0,0,0
19647,0,0,0,0,0,1,0,0,0,1,0
19648,0,0,0,0,0,1,0,0,0,1,0
19685,0,0,0,0,0,0,0,0,0,1,0
19738,0,0,0,0,0,1,0,0,0,1,0
19742,0,0,0,0,0,1,0,0,0,1,0
19758,0,0,0,0,0,0,0,1,0,0,0
19759,0,0,0,0,0,0,0,1,0,0,0
19761,0,0,0,0,0,0,0,1,0,0,0
19793,0,0,0,0,0,1,0,0,0,1,0
20085,0,0,0,0,0,0,1,0,0,0,0
20088,0,0,0,0,0,0,1,0,0,0,0
20091,0,0,0,0,0,0,1,0,0,0,0
20092,0,0,0,0,0,0,1,0,0,0,0
20095,0,0,0,0,0,0,1,0,0,0,0
20097,0,0,0,0,0,0,1,0,0,0,0
20098,0,0,0,0,0,0,1,0,0,0,0
20100,0,0,0,0,0,0,1,0,0,0,0
20126,0,0,0,0,0,0,1,0,0,0,0
20129,0,0,0,0,0,0,1,0,0,0,0
20131,0,0,0,0,0,0,1,0,0,0,0
20133,0,0,0,0,0,0,1,0,0,0,0
20136,0,0,0,0,0,0,1,0,0,0,0
20138,0,0,0,0,0,0,1,0,0,0,0
20139,0,0,0,0,0,0,1,0,0,0,0
20144,0,0,0,0,0,0,1,0,0,0,0
20145,0,0,0,0,0,0,1,0,0,0,0
20146,0,0,0,0,0,0,1,0,0,0,0
20147,0,0,0,0,0,0,1,0,0,0,0
20149,0,0,0,0,0,0,1,0,0,0,0
20152,0,0,0,0,0,0,1,0,0,0,0
20153,0,0,0,0,0,0,1,0,0,0,0
20154,0,0,0,0,0,0,1,0,0,0,0
20155,0,0,0,0,0,0,1,0,0,0,0
20156,0,0,0,0,0,0,1,0,0,0,0
20157,0,0,0,0,0,0,1,0,0,0,0
20158,0,0,0,0,0,0,1,0,0,0,0
20159,0,0,0,0,0,0,1,0,0,0,0
20160,0,0,0,0,0,0,1,0,0,0,0
20161,0,0,0,0,0,0,1,0,0,0,0
20162,0,0,0,0,0,0,1,0,0,0,0
20163,0,0,0,0,0,0,1,0,0,0,0
20165,0,0,0,0,0,0,1,0,0,0,0
20166,0,0,0,0,0,0,1,0,0,0,0
20167,0,0,0,0,0,0,1,0,0,0,0
20168,0,0,0,0,0,0,1,0,0,0,0
20181,0,0,0,0,0,0,1,0,0,0,0
20197,0,0,0,0,0,0,1,0,0,0,0
20198,0,0,0,0,0,0,1,0,0,0,0
20199,0,0,0,0,0,0,1,0,0,0,0
20200,0,0,0,0,0,0,1,0,0,0,0
20201,0,0,0,0,0,0,1,0,0,0,0
20202,0,0,0,0,0,0,1,0,0,0,0
20203,0,0,0,0,0,0,1,0,0,0,0
20204,0,0,0,0,0,0,1,0,0,0,0
20205,0,0,0,0,0,0,1,0,0,0,0
20206,0,0,0,0,0,0,1,0,0,0,0
20207,0,0,0,0,0,0,1,0,0,0,0
20208,0,0,0,0,0,0,1,0,0,0,0
20209,0,0,0,0,0,0,1,0,0,0,0
20458,0,0,0,0,1,0,0,0,0,0,0
20485,0,0,0,0,0,0,0,0,1,1,0
20662,0,0,1,0,0,0,0,0,0,0,0
20705,0,0,0,0,0,0,0,1,0,0,0
20709,0,0,1,0,0,0,0,0,0,0,1
20729,0,0,0,0,0,0,1,0,0,0,0
20730,0,0,0,0,0,0,1,0,0,0,0
20731,0,0,0,0,0,0,1,0,0,0,0
20732,0,0,0,0,0,0,1,0,0,0,0
20733,0,0,0,0,0,0,1,0,0,0,0
20734,0,0,0,0,0,0,1,0,0,0,0
20735,0,0,0,0,0,0,1,0,0,0,0
20736,0,0,0,0,0,0,1,0,0,0,0
20737,0,0,0,0,0,0,1,0,0,0,0
20738,0,0,0,0,0,0,1,0,0,0,0
20740,0,0,0,0,0,0,1,0,0,0,0
20741,0,0,0,0,0,0,1,0,0,0,0
20742,0,0,0,0,0,0,1,0,0,0,0
20743,0,0,0,0,0,0,1,0,0,0,0
20744,0,0,0,0,0,0,1,0,0,0,0
20745,0,0,0,0,0,0,1,0,0,0,0
20746,0,0,0,0,0,0,1,0,0,0,0
20747,0,0,0,0,0,0,1,0,0,0,0
20748,0,0,0,0,0,0,1,0,0,0,0
20749,0,0,0,0,0,0,1,0,0,0,0
20750,0,0,0,0,0,0,1,0,0,0,0
20751,0,0,0,0,0,0,1,0,0,0,0
20818,0,0,0,1,0,0,0,0,0,0,0
21058,0,0,0,1,0,0,0,0,0,0,0
21129,0,0,0,0,0,0,1,0,0,0,0
21130,0,0,0,0,0,0,1,0,0,0,0
21131,0,0,0,0,0,0,1,0,0,0,0
21132,0,0,0,0,0,0,1,0,0,0,0
21133,0,0,0,0,0,0,1,0,0,0,0
21134,0,0,0,0,0,0,1,0,0,0,0
21135,0,0,0,0,0,0,1,0,0,0,0
21136,0,0,0,0,0,0,1,0,0,0,0
21137,0,0,0,0,0,0,1,0,0,0,0
21138,0,0,0,0,0,0,1,0,0,0,0
21158,0,1,1,0,0,0,0,0,0,0,1
21160,0,1,1,0,0,0,0,0,0,0,1
21162,0,1,1,0,0,0,0,0,0,0,1
21164,0,1,1,0,0,0,0,0,0,0,1
21166,0,1,1,0,0,0,0,0,0,0,1
21168,0,1,1,0,0,0,0,0,0,0,1
21187,0,0,0,0,0,0,0,0,1,1,0
21192,0,0,0,0,0,0,0,0,1,1,0
21228,0,0,0,0,1,0,0,0,0,0,0
21232,0,0,0,0,0,0,0,1,0,0,0
21401,0,0,0,0,0,0,0,1,0,0,0
21403,0,0,0,0,0,0,0,1,0,0,0
21404,0,0,0,0,0,0,0,1,0,0,0
21409,0,0,0,0,0,0,0,1,0,0,0
21527,1,0,0,0,0,0,0,0,0,0,0
21529,1,0,0,0,0,0,0,0,0,0,0
21532,1,0,0,0,0,0,0,0,0,0,0
21542,1,0,0,0,0,0,0,0,0,0,0
21569,0,0,0,0,0,0,0,1,0,0,0
21657,0,0,0,0,0,0,0,1,0,0,0
21695,0,0,0,0,0,0,0,1,0,0,0
21701,0,1,1,0,0,0,0,0,0,0,0
21774,0,0,0,1,0,0,0,0,0,0,0
21843,0,0,1,0,0,0,0,0,0,0,0
21895,0,0,1,0,0,0,0,0,0,0,0
21991,0,0,0,0,0,0,1,0,0,0,0
21996,0,0,0,0,0,0,0,1,0,0,0
21997,0,0,0,0,0,0,0,1,0,0,0
22000,0,0,0,0,0,0,0,1,0,0,0
22022,0,0,0,0,1,0,0,0,0,0,0
22029,0,0,1,0,0,0,0,0,0,0,0
22033,0,0,0,0,0,0,0,0,1,1,0
22039,0,0,1,0,0,0,0,0,0,0,1
22097,0,0,0,0,0,0,0,1,0,0,0
22116,0,0,0,0,0,0,0,0,1,1,0
22129,0,0,0,1,0,0,0,0,0,0,0
22132,0,0,0,1,0,0,0,0,0,0,0
22151,0,0,0,1,0,0,0,0,0,0,0
22296,0,0,0,0,1,0,0,0,0,0,0
22334,0,0,0,0,0,0,0,0,0,1,0
22342,0,0,0,0,0,1,0,0,0,1,0
22433,0,1,1,0,0,0,0,0,0,0,0
22435,0,1,1,0,0,0,0,0,0,0,0
22437,0,1,1,0,0,0,0,0,0,0,0
22455,0,0,1,0,0,0,0,0,0,0,0
22472,0,0,0,0,0,0,0,1,0,0,0
22476,0,0,0,0,0,0,0,1,0,0,0
22478,0,0,0,0,0,0,0,1,0,0,0
22480,0,0,0,0,0,0,0,1,0,0,0
23039,0,0,0,0,0,0,0,1,0,0,0
23142,1,0,0,0,0,0,0,0,0,0,0
23144,1,0,0,0,0,0,0,0,0,0,0
23146,1,0,0,0,0,0,0,0,0,0,0
23148,1,0,0,0,0,0,0,0,0,0,0
23150,1,0,0,0,0,0,0,0,0,0,0
23152,1,0,0,0,0,0,0,0,0,0,0
23161,1,0,0,0,0,0,0,0,0,0,0
23329,0,0,0,1,0,0,0,0,0,0,0
23455,0,0,1,0,0,0,0,0,0,0,0
23500,0,0,1,0,0,0,0,0,0,0,0
23515,0,0,1,0,0,0,0,0,0,0,1
23527,0,0,1,0,0,0,0,0,0,0,1
24060,0,0,1,0,0,0,0,0,0,0,0
24331,0,0,0,1,0,0,0,0,0,0,0
24424,0,0,0,0,1,0,0,0,0,0,0
24426,0,0,0,0,1,0,0,0,0,0,0
24429,0,0,0,0,1,0,0,0,0,0,0
24460,0,0,0,0,1,0,0,0,0,0,0
24516,0,0,0,1,0,0,0,0,0,0,0
24523,0,0,0,1,0,0,0,0,0,0,0
24544,0,0,0,0,0,0,1,0,0,0,0
24545,0,0,0,0,0,0,1,0,0,0,0
24546,0,0,0,0,0,0,1,0,0,0,0
24547,0,0,0,0,0,0,1,0,0,0,0
24548,0,0,0,0,0,0,1,0,0,0,0
24549,0,0,0,0,0,0,1,0,0,0,0
24550,0,0,0,0,0,0,1,0,0,0,0
24551,0,0,0,0,0,0,1,0,0,0,0
24552,0,0,0,0,0,0,1,0,0,0,0
24553,0,0,0,0,0,0,1,0,0,0,0
24554,0,0,0,0,0,0,1,0,0,0,0
24555,0,0,0,0,0,0,1,0,0,0,0
24655,0,0,0,0,0,0,0,0,1,1,0
24831,1,0,0,0,0,0,0,0,0,0,0
24901,0,0,0,1,0,0,0,0,0,0,0
24913,0,0,0,1,0,0,0,0,0,0,0
24949,0,0,0,1,0,0,0,0,0,0,0
24960,0,0,0,1,0,0,0,0,0,0,0
24966,0,0,0,1,0,0,0,0,0,0,0
24979,0,0,0,1,0,0,0,0,0,0,0
24985,0,0,0,1,0,0,0,0,0,0,0
25063,0,0,0,1,0,0,0,0,0,0,0
25124,0,0,0,0,0,0,0,1,0,0,0
25140,0,0,0,0,0,0,1,0,0,0,0
25142,0,0,0,0,0,0,1,0,0,0,0
25143,0,0,0,0,0,0,1,0,0,0,0
25144,0,0,0,0,0,0,1,0,0,0,0
25145,0,0,0,0,0,0,1,0,0,0,0
25147,0,0,0,0,0,0,1,0,0,0,0
25148,0,0,0,0,0,0,1,0,0,0,0
25149,0,0,0,0,0,0,1,0,0,0,0
25150,0,0,0,0,0,0,1,0,0,0,0
25151,0,0,0,0,0,0,1,0,0,0,0
25152,0,0,0,0,0,0,1,0,0,0,0
25153,0,0,0,0,0,0,1,0,0,0,0
25154,0,0,0,0,0,0,1,0,0,0,0
25168,0,0,0,0,0,0,1,0,0,0,0
25170,0,0,0,0,0,0,1,0,0,0,0
25172,0,0,0,0,0,0,1,0,0,0,0
25177,0,0,0,0,0,0,1,0,0,0,0
25178,0,0,0,0,0,0,1,0,0,0,0
25179,0,0,0,0,0,0,1,0,0,0,0
25236,0,0,0,0,0,1,0,0,0,1,0
25237,0,0,0,0,0,1,0,0,0,1,0
25922,1,0,0,0,0,0,0,0,0,0,0
25996,0,0,0,0,0,0,0,1,0,0,0
26011,0,0,0,0,1,0,0,0,0,0,0
26018,0,0,0,0,1,0,0,0,0,0,0
26021,0,0,0,0,1,0,0,0,0,0,0
26024,0,0,0,0,1,0,0,0,0,0,0
26034,0,0,0,0,1,0,0,0,0,0,0
26062,0,0,1,0,0,0,0,0,0,0,0
26171,0,0,0,0,0,0,0,1,0,0,0
26177,0,0,0,0,0,0,0,1,0,0,0
26298,0,0,0,0,0,0,0,1,0,0,0
26301,0,0,0,1,0,0,0,0,0,0,0
26409,0,0,0,0,0,0,0,1,0,0,0
26469,1,0,0,0,0,0,0,0,0,0,0
26585,0,0,0,1,0,0,0,0,0,0,0
26600,0,0,0,1,0,0,0,0,0,0,0
26640,0,0,0,0,0,0,0,0,0,1,0
26679,0,0,0,0,0,0,0,0,0,1,0
26765,0,0,0,0,0,0,0,1,0,0,0
27164,0,0,0,0,0,0,0,1,0,0,0
27181,0,0,1,0,0,0,0,0,0,0,0
27213,0,0,0,1,0,0,0,0,0,0,0
27305,0,0,0,0,1,0,0,0,0,0,0
27340,0,0,0,0,0,0,0,0,1,1,0
27404,0,0,1,0,0,0,0,0,0,0,1
27435,0,0,0,0,0,0,0,1,0,0,0
27451,0,0,1,0,0,0,0,0,0,0,0
27456,0,0,0,1,0,0,0,0,0,0,0
27550,0,0,0,0,0,0,0,1,0,0,0
27551,0,0,0,0,0,0,0,1,0,0,0
27667,0,0,1,0,0,0,0,0,0,0,1
27805,0,0,0,0,0,0,0,1,0,0,0
27866,0,0,0,1,0,0,0,0,0,0,0
27949,1,0,0,0,0,0,0,0,0,0,0
28098,1,0,0,0,0,0,0,0,0,0,0
28100,1,0,0,0,0,0,0,0,0,0,0
28102,1,0,0,0,0,0,0,0,0,0,0
28104,1,0,0,0,0,0,0,0,0,0,0
28108,1,0,0,0,0,0,0,0,0,0,0
28110,1,0,0,0,0,0,0,0,0,0,0
28112,1,0,0,0,0,0,0,0,0,0,0
28114,1,0,0,0,0,0,0,0,0,0,0
28117,1,0,0,0,0,0,0,0,0,0,0
28119,1,0,0,0,0,0,0,0,0,0,0
28121,1,0,0,0,0,0,0,0,0,0,0
28171,0,1,1,0,0,0,0,0,0,0,0
28173,0,1,1,0,0,0,0,0,0,0,0
28175,0,1,1,0,0,0,0,0,0,0,0
28177,0,1,1,0,0,0,0,0,0,0,0
28179,0,1,1,0,0,0,0,0,0,0,0
28368,0,0,0,1,0,0,0,0,0,0,0
28467,0,0,1,0,0,0,0,0,0,0,0
28478,0,0,0,0,0,0,0,1,0,0,0
28480,0,0,0,0,0,0,0,1,0,0,0
28483,0,0,0,0,0,0,0,1,0,0,0
28549,1,0,0,0,0,0,0,0,0,0,0
28578,0,0,0,1,0,0,0,0,0,0,0
28608,0,0,0,0,0,0,0,1,0,0,0
28692,0,0,0,0,0,0,0,0,1,1,0
28802,0,0,0,0,0,0,0,1,0,0,0
28917,0,0,0,0,0,1,0,0,1,1,0
28918,0,0,0,0,0,1,0,0,1,1,0
29039,0,1,1,0,0,0,0,0,0,0,1
29041,0,1,1,0,0,0,0,0,0,0,1
29043,0,1,1,0,0,0,0,0,0,0,1
29128,0,0,0,0,0,0,0,1,0,0,0
29180,0,0,0,0,0,0,0,1,0,0,0
29243,0,0,0,0,0,0,0,1,0,0,0
29253,0,0,0,0,0,0,0,1,0,0,0
29265,0,0,0,0,0,0,0,1,0,0,0
29334,0,0,0,0,0,0,0,0,0,1,0
29465,0,0,0,1,0,0,0,0,0,0,0
29587,0,0,0,0,1,0,0,0,0,0,0
29606,0,0,0,0,1,0,0,0,0,0,0
29684,0,0,0,1,0,0,0,0,0,0,0
29692,0,0,0,1,0,0,0,0,0,0,0
29719,0,0,0,0,1,0,0,0,0,0,0
29721,0,0,0,0,1,0,0,0,0,0,0
29741,0,0,0,1,0,0,0,0,0,0,0
29752,0,0,0,1,0,0,0,0,0,0,0
29809,0,0,0,0,0,0,0,0,1,1,0
29934,0,0,0,0,0,1,0,0,0,1,0
29936,0,0,0,0,0,1,0,0,0,1,0
29944,0,0,0,0,1,0,0,0,0,0,0
29947,0,0,0,0,1,0,0,0,0,0,0
29953,0,0,0,0,1,0,0,0,0,0,0
29955,0,0,0,0,1,0,0,0,0,0,0
30033,0,0,0,0,1,0,0,0,0,0,0
30037,0,0,0,0,1,0,0,0,0,0,0
30040,0,0,0,0,1,0,0,0,0,0,0
30049,0,0,0,0,1,0,0,0,0,0,0
30052,0,0,0,0,1,0,0,0,0,0,0
30060,0,0,0,0,1,0,0,0,0,0,0
30090,0,0,0,1,0,0,0,0,0,0,0
30095,0,0,0,1,0,0,0,0,0,0,0
30120,0,0,0,1,0,0,0,0,0,0,0
30248,0,0,0,0,1,0,0,0,0,0,0
30305,0,0,1,0,0,0,0,0,0,0,1
30307,0,0,1,0,0,0,0,0,0,0,1
30310,0,0,1,0,0,0,0,0,0,0,1
30330,0,0,0,1,0,0,0,0,0,0,0
30486,0,0,0,0,0,0,0,1,0,0,0
30518,0,1,1,0,0,0,0,0,0,0,0
30520,0,1,1,0,0,0,0,0,0,0,0
30522,0,1,1,0,0,0,0,0,0,0,0
30667,0,0,0,1,0,0,0,0,0,0,0
30683,0,0,0,1,0,0,0,0,0,0,0
30690,0,0,0,1,0,0,0,0,0,0,0
30702,0,0,0,1,0,0,0,0,0,0,0
30733,0,0,1,0,0,0,0,0,0,0,0
30740,0,0,0,1,0,0,0,0,0,0,0
30894,0,1,1,0,0,0,0,0,0,0,0
30897,0,1,1,0,0,0,0,0,0,0,0
30899,0,1,1,0,0,0,0,0,0,0,0
30901,0,1,1,0,0,0,0,0,0,0,0
30903,0,1,1,0,0,0,0,0,0,0,0
30905,0,1,1,0,0,0,0,0,0,0,0
30929,0,0,0,0,0,0,0,0,0,1,0
31119,0,0,0,0,0,0,1,0,0,0,0
31120,0,0,0,0,0,0,1,0,0,0,0
31121,0,0,0,0,0,0,1,0,0,0,0
31122,0,0,0,0,0,0,1,0,0,0,0
31126,0,0,0,0,0,0,1,0,0,0,0
31127,0,0,0,0,0,0,1,0,0,0,0
31128,0,0,0,0,0,0,1,0,0,0,0
31129,0,0,0,0,0,0,1,0,0,0,0
31130,0,0,0,0,0,0,1,0,0,0,0
31131,0,0,0,0,0,0,1,0,0,0,0
31132,0,0,0,0,0,0,1,0,0,0,0
31133,0,0,0,0,0,0,1,0,0,0,0
31134,0,0,0,0,0,0,1,0,0,0,0
31135,0,0,0,0,0,0,1,0,0,0,0
31136,0,0,0,0,0,0,1,0,0,0,0
31142,0,0,0,0,0,0,1,0,0,0,0
31143,0,0,0,0,0,0,1,0,0,0,0
31144,0,0,0,0,0,0,1,0,0,0,0
31145,0,0,0,0,0,0,1,0,0,0,0
31146,0,0,0,0,0,0,1,0,0,0,0
31147,0,0,0,0,0,0,1,0,0,0,0
31148,0,0,0,0,0,0,1,0,0,0,0
31149,0,0,0,0,0,0,1,0,0,0,0
31150,0,0,0,0,0,0,1,0,0,0,0
31160,0,0,0,0,0,1,0,0,0,1,0
31233,1,0,0,0,0,0,0,0,0,0,0
31235,1,0,0,0,0,0,0,0,0,0,0
31238,1,0,0,0,0,0,0,0,0,0,0
31240,1,0,0,0,0,0,0,0,0,0,0
31242,1,0,0,0,0,0,0,0,0,0,0
31245,1,0,0,0,0,0,0,0,0,0,0
31247,1,0,0,0,0,0,0,0,0,0,0
31249,1,0,0,0,0,0,0,0,0,0,0
31261,0,0,0,0,0,1,0,0,0,1,0
31313,0,0,0,0,0,0,0,0,1,1,0
31912,0,0,1,0,0,0,0,0,0,0,0
32045,1,0,0,0,0,0,0,0,0,0,0
32084,0,0,0,0,0,0,0,0,1,1,0
32215,0,1,1,0,0,0,0,0,0,0,0
32326,0,0,0,0,0,0,0,1,0,0,0
32328,0,0,0,0,0,0,0,1,0,0,0
32330,0,0,0,0,0,0,0,1,0,0,0
32333,0,0,0,0,0,0,0,1,0,0,0
32335,0,0,0,0,0,0,0,1,0,0,0
32336,0,0,0,0,0,0,0,1,0,0,0
32338,0,0,0,0,0,0,0,1,0,0,0
32407,0,0,0,1,0,0,0,0,0,0,0
32437,0,0,1,0,0,0,0,0,0,0,0
32459,0,0,0,0,0,1,0,0,0,1,0
32461,0,0,0,0,0,1,0,0,0,1,0
32472,0,0,0,0,1,0,0,0,0,0,0
32525,0,0,0,0,0,0,0,1,0,0,0
32686,0,0,0,0,1,0,0,0,0,0,0
32689,0,0,0,0,1,0,0,0,0,0,0
32693,0,0,0,0,1,0,0,0,0,0,0
32750,0,0,0,0,1,0,0,0,0,0,0
32760,0,0,0,0,0,0,0,1,0,0,0
32846,0,0,1,0,0,0,0,0,0,0,0
32879,0,0,0,0,1,0,0,0,0,0,0
33211,0,1,1,0,0,0,0,0,0,0,1
33213,0,1,1,0,0,0,0,0,0,0,1
33215,0,1,1,0,0,0,0,0,0,0,1
33217,0,1,1,0,0,0,0,0,0,0,1
33219,0,1,1,0,0,0,0,0,0,0,1
33221,0,1,1,0,0,0,0,0,0,0,1
33238,0,1,1,0,0,0,0,0,0,0,1
33240,0,1,1,0,0,0,0,0,0,0,1
33242,0,1,1,0,0,0,0,0,0,0,1
33278,0,0,0,1,0,0,0,0,0,0,0
33459,0,0,0,0,0,0,0,0,0,1,0
33547,0,0,0,0,0,0,0,0,0,1,0
33555,0,0,0,0,1,0,0,0,0,0,0
33996,0,0,0,1,0,0,0,0,0,0,0
34256,0,0,0,1,0,0,0,0,0,0,0
34264,0,0,0,1,0,0,0,0,0,0,0
34313,1,0,0,0,0,0,0,0,0,0,0
34315,1,0,0,0,0,0,0,0,0,0,0
34317,1,0,0,0,0,0,0,0,0,0,0
34319,1,0,0,0,0,0,0,0,0,0,0
34438,0,1,1,0,0,0,0,0,0,0,0
34440,0,1,1,0,0,0,0,0,0,0,0
34457,1,0,0,0,0,0,0,0,0,0,0
34459,1,0,0,0,0,0,0,0,0,0,0
34461,1,0,0,0,0,0,0,0,0,0,0
34463,1,0,0,0,0,0,0,0,0,0,0
34466,1,0,0,0,0,0,0,0,0,0,0
34512,0,1,1,0,0,0,0,0,0,0,1
34515,0,1,1,0,0,0,0,0,0,0,1
34517,0,1,1,0,0,0,0,0,0,0,1
34519,0,1,1,0,0,0,0,0,0,0,1
34521,0,1,1,0,0,0,0,0,0,0,1
34523,0,1,1,0,0,0,0,0,0,0,1
34525,0,1,1,0,0,0,0,0,0,0,1
34527,0,1,1,0,0,0,0,0,0,0,1
34529,0,1,1,0,0,0,0,0,0,0,1
35008,0,0,0,1,0,0,0,0,0,0,0
35149,0,0,0,1,0,0,0,0,0,0,0
35159,0,0,0,0,0,0,0,0,0,1,0
35182,0,0,0,0,0,0,0,1,0,0,0
35183,0,0,0,0,0,0,0,1,0,0,0
35198,0,0,0,1,0,0,0,0,0,0,0
35367,1,0,0,0,0,0,0,0,0,0,0
35545,0,0,0,0,0,0,0,1,0,0,0
35550,0,0,0,0,0,0,0,1,0,0,0
35568,0,0,1,0,0,0,0,0,0,0,1
35571,0,0,0,0,0,0,0,0,0,1,0
35608,0,0,0,0,0,0,0,1,0,0,0
35672,0,0,0,1,0,0,0,0,0,0,0
35990,0,0,1,0,0,0,0,0,0,0,0
36085,0,0,0,0,0,0,0,0,0,1,0
36138,0,0,1,0,0,0,0,0,0,0,1
36141,0,0,1,0,0,0,0,0,0,0,1
36242,0,0,1,0,0,0,0,0,0,0,0
36300,0,0,0,0,1,0,0,0,0,0,0
36303,0,0,0,0,1,0,0,0,0,0,0
36388,0,0,0,0,0,0,0,1,0,0,0
36460,1,0,0,0,0,0,0,0,0,0,0
36462,1,0,0,0,0,0,0,0,0,0,0
36464,1,0,0,0,0,0,0,0,0,0,0
36466,1,0,0,0,0,0,0,0,0,0,0
36468,1,0,0,0,0,0,0,0,0,0,0
36471,1,0,0,0,0,0,0,0,0,0,0
36473,1,0,0,0,0,0,0,0,0,0,0
36476,1,0,0,0,0,0,0,0,0,0,0
36478,1,0,0,0,0,0,0,0,0,0,0
36530,1,0,0,0,0,0,0,0,0,0,0
36532,1,0,0,0,0,0,0,0,0,0,0
36534,1,0,0,0,0,0,0,0,0,0,0
36537,1,0,0,0,0,0,0,0,0,0,0
36539,1,0,0,0,0,0,0,0,0,0,0
36560,0,0,0,0,0,0,0,1,0,0,0
36561,0,0,0,0,0,0,0,1,0,0,0
36616,0,0,0,0,0,0,0,1,0,0,0
36619,0,0,0,0,0,0,0,1,0,0,0
36643,0,0,0,0,0,0,0,1,0,0,0
36799,0,0,0,1,0,0,0,0,0,0,0
36802,0,0,0,1,0,0,0,0,0,0,0
36964,0,0,0,0,0,0,0,1,0,0,0
36983,0,0,0,0,1,0,0,0,0,0,0
36985,0,0,0,0,1,0,0,0,0,0,0
36990,0,0,0,0,1,0,0,0,0,0,0
37041,0,0,0,1,0,0,0,0,0,0,0
37131,0,1,1,0,0,0,0,0,0,0,0
37136,0,0,0,0,0,0,0,1,0,0,0
37145,0,0,0,0,0,1,0,0,0,1,0
37319,0,0,0,0,0,0,0,0,1,1,0
37324,0,0,0,0,0,0,0,1,0,0,0
37326,0,0,0,0,0,1,0,0,0,1,0
37329,0,0,0,0,0,1,0,0,0,1,0
37369,0,0,0,0,0,0,0,1,0,0,0
37423,0,0,0,0,1,0,0,0,0,0,0
37530,0,0,0,1,0,0,0,0,0,0,0
37587,0,0,0,0,0,1,0,0,1,1,0
37589,0,0,0,0,0,1,0,0,1,1,0
37591,0,0,0,0,0,1,0,0,1,1,0
37768,0,0,0,1,0,0,0,0,0,0,0
37782,0,0,0,1,0,0,0,0,0,0,0
37859,0,0,0,0,0,0,0,0,0,1,0
37958,0,1,1,0,0,0,0,0,0,0,0
37960,0,1,1,0,0,0,0,0,0,0,0
37962,0,1,1,0,0,0,0,0,0,0,0
37977,1,0,0,0,0,0,0,0,0,0,0
37979,1,0,0,0,0,0,0,0,0,0,0
38079,0,0,0,1,0,0,0,0,0,0,0
38692,0,0,1,0,0,0,0,0,0,0,0
38748,0,0,0,0,0,0,0,0,0,1,0
38864,0,0,0,1,0,0,0,0,0,0,0
38866,0,0,0,1,0,0,0,0,0,0,0
38886,0,0,0,1,0,0,0,0,0,0,0
38888,0,0,0,1,0,0,0,0,0,0,0
38891,0,0,0,1,0,0,0,0,0,0,0
38895,0,0,0,1,0,0,0,0,0,0,0
38905,0,0,0,1,0,0,0,0,0,0,0
38967,0,0,0,1,0,0,0,0,0,0,0
39188,0,0,0,1,0,0,0,0,0,0,0
39259,0,0,0,1,0,0,0,0,0,0,0
39291,0,1,1,0,0,0,0,0,0,0,0
39316,0,0,0,1,0,0,0,0,0,0,0
39318,0,0,0,1,0,0,0,0,0,0,0
39536,0,0,0,0,0,0,0,1,0,0,0
39658,0,0,0,0,0,0,0,1,0,0,0
39662,0,0,0,0,0,0,0,1,0,0,0
39663,0,0,0,0,0,0,0,1,0,0,0
39665,0,0,0,0,0,0,0,1,0,0,0
39687,0,0,1,0,0,0,0,0,0,0,1
39769,0,0,0,0,0,0,0,0,1,1,0
39875,0,0,0,1,0,0,0,0,0,0,0
39896,0,0,0,1,0,0,0,0,0,0,0
39944,0,0,1,0,0,0,0,0,0,0,1
39947,0,0,1,0,0,0,0,0,0,0,1
39987,0,0,1,0,0,0,0,0,0,0,0
40131,0,0,0,0,0,1,0,0,1,1,0
40133,0,0,0,0,0,1,0,0,1,1,0
40147,0,0,0,1,0,0,0,0,0,0,0
40162,0,0,0,1,0,0,0,0,0,0,0
40176,0,0,0,1,0,0,0,0,0,0,0
40181,0,0,0,1,0,0,0,0,0,0,0
40353,0,0,0,0,0,0,0,0,1,1,0
40526,0,0,0,0,1,0,0,0,0,0,0
40642,0,0,1,0,0,0,0,0,0,0,1
40646,0,0,1,0,0,0,0,0,0,0,1
40772,0,1,1,0,0,0,0,0,0,0,0
40779,0,1,1,0,0,0,0,0,0,0,0
40781,0,1,1,0,0,0,0,0,0,0,0
40783,0,1,1,0,0,0,0,0,0,0,0
40798,0,1,1,0,0,0,0,0,0,0,0
40808,0,1,1,0,0,0,0,0,0,0,0
40810,0,1,1,0,0,0,0,0,0,0,0
40823,0,0,1,0,0,0,0,0,0,0,0
40905,0,0,0,1,0,0,0,0,0,0,0
40909,0,0,0,1,0,0,0,0,0,0,0
41045,0,0,0,1,0,0,0,0,0,0,0
41052,0,0,0,1,0,0,0,0,0,0,0
41055,0,0,0,1,0,0,0,0,0,0,0
41077,0,0,1,0,0,0,0,0,0,0,1
41091,0,0,1,0,0,0,0,0,0,0,1
41247,0,0,0,0,0,0,0,0,1,1,0
41375,0,0,0,0,0,0,0,1,0,0,0
41381,0,0,0,0,0,0,0,1,0,0,0
41569,1,0,0,0,0,0,0,0,0,0,0
41714,0,0,0,1,0,0,0,0,0,0,0
41819,0,0,0,0,0,0,0,1,0,0,0
41823,0,0,0,0,0,0,0,1,0,0,0
41874,0,0,0,0,0,1,0,0,0,1,0
41876,0,0,0,0,0,1,0,0,0,1,0
41882,0,0,0,0,0,1,0,0,0,1,0
41951,1,0,0,0,0,0,0,0,0,0,0
41953,1,0,0,0,0,0,0,0,0,0,0
41955,1,0,0,0,0,0,0,0,0,0,0
41957,1,0,0,0,0,0,0,0,0,0,0
41959,1,0,0,0,0,0,0,0,0,0,0
42040,0,0,0,0,1,0,0,0,0,0,0
42044,0,0,0,0,0,1,0,0,0,1,0
42048,0,0,0,0,0,0,0,1,0,0,0
42126,0,0,0,1,0,0,0,0,0,0,0
42141,0,0,0,1,0,0,0,0,0,0,0
42276,0,0,0,0,0,0,0,1,0,0,0
42285,0,0,0,1,0,0,0,0,0,0,0
42288,0,0,0,1,0,0,0,0,0,0,0
42312,0,0,0,0,0,0,0,0,0,1,0
42374,0,0,1,0,0,0,0,0,0,0,0
42485,0,0,0,0,0,0,0,0,0,1,0
42634,0,0,0,1,0,0,0,0,0,0,0
42726,0,0,1,0,0,0,0,0,0,0,0
42731,0,0,1,0,0,0,0,0,0,0,0
42761,0,0,0,0,0,0,0,0,0,1,0
42768,0,0,0,0,0,0,0,0,0,1,0
42868,0,0,0,0,0,0,0,0,1,1,0
42901,0,0,0,0,0,0,0,1,0,0,0
42913,0,0,0,0,0,0,0,1,0,0,0
43057,0,0,0,1,0,0,0,0,0,0,0
43315,0,1,1,0,0,0,0,0,0,0,0
43773,0,0,0,0,0,0,0,1,0,0,0
43846,0,0,0,0,1,0,0,0,0,0,0
43856,0,0,0,0,1,0,0,0,0,0,0
43861,0,0,0,0,1,0,0,0,0,0,0
43868,0,0,0,0,1,0,0,0,0,0,0
43882,0,0,0,1,0,0,0,0,0,0,0
43885,0,0,0,1,0,0,0,0,0,0,0
43889,0,0,0,0,0,0,0,0,1,1,0
43909,0,0,0,0,1,0,0,0,0,0,0
44057,0,0,0,0,0,0,0,1,0,0,0
44094,0,0,1,0,0,0,0,0,0,0,0
44169,0,0,0,1,0,0,0,0,0,0,0
44185,0,0,0,0,0,0,0,0,0,1,0
44194,0,0,0,0,0,1,0,0,0,1,0
44196,0,0,0,0,0,1,0,0,0,1,0
44198,0,0,0,0,0,1,0,0,0,1,0
44201,0,0,0,0,0,1,0,0,0,1,0
44204,0,0,0,0,0,1,0,0,0,1,0
44205,0,0,0,0,0,1,0,0,0,1,0
44207,0,0,0,0,0,1,0,0,0,1,0
44235,0,0,0,0,1,0,0,0,0,0,0
44278,0,0,0,0,0,1,0,0,0,1,0
44280,0,0,0,0,0,1,0,0,0,1,0
44285,0,0,0,0,0,1,0,0,0,1,0
44287,0,0,0,0,0,1,0,0,0,1,0
44340,0,1,1,0,0,0,0,0,0,0,0
44353,0,0,0,1,0,0,0,0,0,0,0
44362,0,0,0,1,0,0,0,0,0,0,0
44374,0,0,0,1,0,0,0,0,0,0,0
44781,0,0,0,1,0,0,0,0,0,0,0
44792,0,0,0,1,0,0,0,0,0,0,0
44797,0,0,0,1,0,0,0,0,0,0,0
44800,0,0,0,1,0,0,0,0,0,0,0
44804,0,0,0,1,0,0,0,0,0,0,0
44805,0,0,0,0,0,0,0,1,0,0,0
44809,0,0,0,0,0,0,0,1,0,0,0
44848,0,0,0,1,0,0,0,0,0,0,0
44850,0,0,0,1,0,0,0,0,0,0,0
44863,0,0,0,1,0,0,0,0,0,0,0
44973,0,0,0,0,0,0,0,0,1,1,0
45122,0,0,0,0,0,0,0,1,0,0,0
45126,0,0,0,0,0,0,0,1,0,0,0
45128,0,0,0,0,0,0,0,1,0,0,0
45151,0,0,1,0,0,0,0,0,0,0,0
45335,0,0,0,0,0,0,0,1,0,0,0
45423,0,0,0,1,0,0,0,0,0,0,0
45615,0,0,1,0,0,0,0,0,0,0,0
45921,0,0,0,1,0,0,0,0,0,0,0
45972,0,0,0,1,0,0,0,0,0,0,0
46007,0,0,0,1,0,0,0,0,0,0,0
46029,0,0,0,1,0,0,0,0,0,0,0
46058,0,0,0,1,0,0,0,0,0,0,0
46066,0,0,0,1,0,0,0,0,0,0,0
46068,0,0,0,1,0,0,0,0,0,0,0
46080,0,0,0,0,0,1,0,0,1,1,0
46136,0,0,0,0,0,1,0,0,0,1,0
46144,0,0,0,0,0,0,0,0,0,1,0
46147,0,0,0,0,0,0,0,0,0,1,0
46157,0,0,1,0,0,0,0,0,0,0,0
46162,0,0,0,1,0,0,0,0,0,0,0
46241,0,0,0,1,0,0,0,0,0,0,0
46244,0,0,0,1,0,0,0,0,0,0,0
46311,0,0,0,1,0,0,0,0,0,0,0
46331,0,0,0,0,0,0,0,1,0,0,0
46468,0,0,0,0,0,0,0,0,1,1,0
46480,0,0,1,0,0,0,0,0,0,0,0
46505,0,0,1,0,0,0,0,0,0,0,1
46506,0,0,1,0,0,0,0,0,0,0,1
46514,0,0,1,0,0,0,0,0,0,0,1
46637,1,0,0,0,0,0,0,0,0,0,0
46648,1,0,0,0,0,0,0,0,0,0,0
46695,1,0,0,0,0,0,0,0,0,0,0
46717,0,0,0,1,0,0,0,0,0,0,0
46726,0,0,0,0,1,0,0,0,0,0,0
46733,0,0,0,0,0,0,0,1,0,0,0
46740,1,0,0,0,0,0,0,0,0,0,0
46839,0,0,0,0,0,0,0,1,0,0,0
46843,0,0,0,0,0,0,0,1,0,0,0
46844,0,0,0,0,0,0,0,1,0,0,0
46854,0,0,0,0,0,0,0,1,0,0,0
46856,0,0,0,0,0,0,0,1,0,0,0
46928,0,0,0,0,0,0,0,1,0,0,0
46930,0,0,0,0,0,0,0,1,0,0,0
47030,0,0,0,0,0,0,0,0,1,1,0
47076,0,0,1,0,0,0,0,0,0,0,0
47119,0,0,0,0,0,0,1,0,0,0,0
47199,0,0,0,1,0,0,0,0,0,0,0
47202,0,0,0,1,0,0,0,0,0,0,0
47319,0,0,0,0,0,0,1,0,0,0,0
47320,0,0,0,0,0,0,1,0,0,0,0
47321,0,0,0,0,0,0,1,0,0,0,0
47322,0,0,0,0,0,0,1,0,0,0,0
47323,0,0,0,0,0,0,1,0,0,0,0
47324,0,0,0,0,0,0,1,0,0,0,0
47463,0,0,0,0,0,1,0,0,1,1,0
47465,0,0,0,0,0,1,0,0,1,1,0
47468,0,0,0,0,0,1,0,0,1,1,0
47470,0,0,0,0,0,1,0,0,1,1,0
47475,0,0,0,0,0,0,0,0,1,1,0
47499,0,0,0,0,0,1,0,0,0,1,0
47501,0,0,0,0,0,1,0,0,0,1,0
47503,0,0,0,0,0,1,0,0,0,1,0
47666,0,0,0,0,0,0,0,1,0,0,0
47707,0,0,0,1,0,0,0,0,0,0,0
47770,1,0,0,0,0,0,0,0,0,0,0
47772,1,0,0,0,0,0,0,0,0,0,0
47775,1,0,0,0,0,0,0,0,0,0,0
47778,1,0,0,0,0,0,0,0,0,0,0
47835,0,0,0,0,0,0,0,1,0,0,0
47836,0,0,1,0,0,0,0,0,0,0,0
47895,0,0,0,0,0,0,0,1,0,0,0
47897,0,0,0,0,0,0,0,1,0,0,0
47931,0,0,0,0,0,0,0,0,0,1,0
47951,0,0,0,0,0,0,0,0,0,1,0
48015,0,0,0,0,0,0,0,0,0,1,0
48042,0,0,0,1,0,0,0,0,0,0,0
48088,0,0,0,0,0,1,0,0,0,1,0
48090,0,0,0,0,0,1,0,0,0,1,0
48091,0,0,0,0,0,1,0,0,0,1,0
48307,0,0,0,1,0,0,0,0,0,0,0
48326,0,0,0,1,0,0,0,0,0,0,0
48334,0,0,0,1,0,0,0,0,0,0,0
48346,0,0,0,1,0,0,0,0,0,0,0
48368,0,0,0,0,0,1,0,0,0,1,0
48388,1,0,0,0,0,0,0,0,0,0,0
48390,1,0,0,0,0,0,0,0,0,0,0
48392,1,0,0,0,0,0,0,0,0,0,0
48394,1,0,0,0,0,0,0,0,0,0,0
48396,1,0,0,0,0,0,0,0,0,0,0
48398,1,0,0,0,0,0,0,0,0,0,0
48400,1,0,0,0,0,0,0,0,0,0,0
48401,1,0,0,0,0,0,0,0,0,0,0
48402,1,0,0,0,0,0,0,0,0,0,0
48403,1,0,0,0,0,0,0,0,0,0,0
48404,1,0,0,0,0,0,0,0,0,0,0
48406,1,0,0,0,0,0,0,0,0,0,0
48407,1,0,0,0,0,0,0,0,0,0,0
48408,1,0,0,0,0,0,0,0,0,0,0
48410,1,0,0,0,0,0,0,0,0,0,0
48413,0,0,0,1,0,0,0,0,0,0,0
48436,0,0,1,0,0,0,0,0,0,0,0
48444,0,0,0,0,0,0,0,1,0,0,0
48448,0,0,0,0,0,0,0,1,0,0,0
48450,0,0,0,0,0,0,0,1,0,0,0
48453,0,0,0,0,0,0,0,1,0,0,0
48457,0,0,0,0,0,0,0,1,0,0,0
48559,0,0,1,0,0,0,0,0,0,0,0
48681,0,0,0,1,0,0,0,0,0,0,0
48754,1,0,0,0,0,0,0,0,0,0,0
48796,0,0,0,0,0,0,0,0,0,1,0
48853,0,0,0,1,0,0,0,0,0,0,0
48857,0,0,0,1,0,0,0,0,0,0,0
48860,0,0,0,1,0,0,0,0,0,0,0
48865,0,0,0,1,0,0,0,0,0,0,0
49039,0,0,0,0,0,0,0,1,0,0,0
49068,0,0,0,1,0,0,0,0,0,0,0
49073,0,0,0,1,0,0,0,0,0,0,0
49139,1,0,0,0,0,0,0,0,0,0,0
49173,0,0,0,1,0,0,0,0,0,0,0
49363,0,0,0,0,0,0,1,0,0,0,0
49364,0,0,0,0,0,0,1,0,0,0,0
49365,0,0,0,0,0,0,1,0,0,0,0
49399,0,0,0,1,0,0,0,0,0,0,0
49471,0,0,0,0,1,0,0,0,0,0,0
49479,0,0,0,0,1,0,0,0,0,0,0
49582,0,1,1,0,0,0,0,0,0,0,1
49584,0,1,1,0,0,0,0,0,0,0,1
49663,1,0,0,0,0,0,0,0,0,0,0
49813,0,0,0,0,0,0,0,0,1,1,0
49819,0,0,0,1,0,0,0,0,0,0,0
50137,0,0,0,0,0,0,1,0,0,0,0
50138,0,0,0,0,0,0,1,0,0,0,0
50140,0,0,0,0,0,0,1,0,0,0,0
50141,0,0,0,0,0,0,1,0,0,0,0
50272,0,0,0,0,0,0,0,1,0,0,0
50273,0,0,1,0,0,0,0,0,0,0,0
50388,0,0,0,0,1,0,0,0,0,0,0
50444,0,0,0,0,0,0,0,0,1,1,0
50460,0,0,1,0,0,0,0,0,0,0,0
50753,0,0,0,0,0,1,0,0,0,1,0
50754,0,0,0,0,0,1,0,0,0,1,0
50853,0,0,0,0,0,0,0,0,0,1,0
50958,1,0,0,0,0,0,0,0,0,0,0
51022,0,1,1,0,0,0,0,0,0,0,0
51111,0,0,0,1,0,0,0,0,0,0,0
51117,0,0,0,1,0,0,0,0,0,0,0
51120,0,0,0,0,0,0,0,1,0,0,0
51200,0,0,0,1,0,0,0,0,0,0,0
51262,0,0,0,0,0,0,0,1,0,0,0
51266,0,0,0,0,0,0,0,1,0,0,0
51268,0,0,0,0,0,0,0,1,0,0,0
51271,0,0,0,0,0,0,0,1,0,0,0
51273,0,0,0,0,0,0,0,1,0,0,0
51278,0,0,0,0,0,0,0,1,0,0,0
51292,0,0,0,0,0,0,0,1,0,0,0
51305,0,0,0,1,0,0,0,0,0,0,0
51360,0,0,0,0,0,0,0,0,0,1,0
51479,0,0,0,1,0,0,0,0,0,0,0
51503,0,0,1,0,0,0,0,0,0,0,1
51513,0,0,1,0,0,0,0,0,0,0,1
51519,0,0,1,0,0,0,0,0,0,0,1
51596,0,0,0,0,0,1,0,0,1,1,0
51599,0,0,0,0,0,1,0,0,1,1,0
51601,0,0,0,0,0,1,0,0,1,1,0
51603,0,0,0,0,0,1,0,0,1,1,0
51690,0,0,0,1,0,0,0,0,0,0,0
51711,0,0,0,0,0,0,0,0,1,1,0
51937,1,0,0,0,0,0,0,0,0,0,0
51938,1,0,0,0,0,0,0,0,0,0,0
51939,1,0,0,0,0,0,0,0,0,0,0
51940,1,0,0,0,0,0,0,0,0,0,0
51943,0,0,1,0,0,0,0,0,0,0,0
52003,0,0,0,0,0,0,0,0,1,1,0
52036,0,0,0,0,0,0,0,1,0,0,0
52038,0,0,0,0,0,0,0,1,0,0,0
52041,0,0,0,0,0,0,0,1,0,0,0
52043,0,0,0,0,0,0,0,1,0,0,0
52359,0,0,0,0,0,0,0,0,0,1,0
52362,0,0,0,0,0,0,0,0,0,1,0
52375,0,0,0,0,0,0,0,1,0,0,0
52378,0,0,0,0,0,0,0,1,0,0,0
52389,0,0,0,0,0,0,0,1,0,0,0
52473,0,0,0,0,0,1,0,0,1,1,0
52475,0,0,0,0,0,1,0,0,1,1,0
52477,0,0,0,0,0,1,0,0,1,1,0
52479,0,0,0,0,0,1,0,0,1,1,0
52569,0,0,0,0,0,0,0,0,1,1,0
52599,0,0,0,0,1,0,0,0,0,0,0
52630,0,0,1,0,0,0,0,0,0,0,1
52634,0,0,1,0,0,0,0,0,0,0,1
52637,0,0,1,0,0,0,0,0,0,0,1
52644,0,0,1,0,0,0,0,0,0,0,1
52645,0,0,1,0,0,0,0,0,0,0,1
52649,0,0,1,0,0,0,0,0,0,0,1
52650,0,0,1,0,0,0,0,0,0,0,1
52728,1,0,0,0,0,0,0,0,0,0,0
52729,1,0,0,0,0,0,0,0,0,0,0
52734,1,0,0,0,0,0,0,0,0,0,0
52735,1,0,0,0,0,0,0,0,0,0,0
52737,1,0,0,0,0,0,0,0,0,0,0
52859,0,0,0,1,0,0,0,0,0,0,0
52862,0,0,0,1,0,0,0,0,0,0,0
52974,0,0,0,0,0,0,0,0,0,1,0
53228,0,0,0,0,0,0,0,1,0,0,0
53229,0,0,0,0,0,0,0,1,0,0,0
53230,1,0,0,0,0,0,0,0,0,0,0
53231,1,0,0,0,0,0,0,0,0,0,0
53232,1,0,0,0,0,0,0,0,0,0,0
53368,0,0,0,0,1,0,0,0,0,0,0
53374,0,0,0,0,1,0,0,0,0,0,0
53376,0,0,0,0,1,0,0,0,0,0,0
53378,0,0,0,0,1,0,0,0,0,0,0
53685,0,0,0,1,0,0,0,0,0,0,0
53687,0,0,0,1,0,0,0,0,0,0,0
53691,0,0,0,1,0,0,0,0,0,0,0
53749,0,0,0,0,0,0,0,0,0,1,0
53758,0,0,0,0,0,0,0,0,1,1,0
53859,0,1,1,0,0,0,0,0,0,0,0
53861,0,1,1,0,0,0,0,0,0,0,0
53863,0,1,1,0,0,0,0,0,0,0,0
53937,0,0,0,0,0,0,0,1,0,0,0
54004,0,0,0,0,1,0,0,0,0,0,0
54013,0,0,0,0,1,0,0,0,0,0,0
54032,0,0,0,0,0,0,0,1,0,0,0
54034,0,0,0,0,0,0,0,1,0,0,0
54037,0,0,0,0,0,0,0,1,0,0,0
54055,0,0,0,0,0,0,0,0,0,1,0
54237,0,0,0,0,0,0,0,1,0,0,0
54333,0,0,0,0,0,0,0,0,1,1,0
54376,0,0,0,0,1,0,0,0,0,0,0
54489,0,0,1,0,0,0,0,0,0,0,0
54496,0,0,0,1,0,0,0,0,0,0,0
54554,0,0,0,1,0,0,0,0,0,0,0
54556,0,0,0,1,0,0,0,0,0,0,0
54622,0,0,0,0,0,1,0,0,0,1,0
54623,0,0,0,0,0,1,0,0,0,1,0
54625,0,0,0,0,0,1,0,0,0,1,0
54665,0,0,0,0,0,0,0,1,0,0,0
54666,0,0,0,0,0,0,0,1,0,0,0
54724,0,0,0,0,0,0,0,0,0,1,0
54736,0,0,0,0,0,0,0,0,1,1,0
54749,0,0,0,0,1,0,0,0,0,0,0
54754,0,0,0,0,1,0,0,0,0,0,0
54873,0,0,1,0,0,0,0,0,0,0,1
54875,0,0,1,0,0,0,0,0,0,0,1
54880,0,0,1,0,0,0,0,0,0,0,1
54882,0,0,1,0,0,0,0,0,0,0,1
54883,0,0,1,0,0,0,0,0,0,0,1
54885,0,0,1,0,0,0,0,0,0,0,1
54886,0,0,0,0,0,0,0,0,0,1,0
54932,0,0,0,0,0,1,0,0,0,1,0
54938,0,0,0,0,0,1,0,0,0,1,0
54963,0,0,1,0,0,0,0,0,0,0,0
55099,0,0,0,0,1,0,0,0,0,0,0
55103,0,0,0,0,1,0,0,0,0,0,0
55109,0,0,0,0,1,0,0,0,0,0,0
55114,0,0,0,0,1,0,0,0,0,0,0
55117,0,0,0,0,1,0,0,0,0,0,0
55123,0,0,0,0,1,0,0,0,0,0,0
55285,0,0,0,0,0,0,0,1,0,0,0
55287,0,0,0,0,0,0,0,1,0,0,0
55290,0,0,0,0,0,0,0,1,0,0,0
55292,0,0,0,0,0,0,0,1,0,0,0
55294,0,0,0,0,0,0,0,1,0,0,0
55295,0,0,0,0,0,0,0,1,0,0,0
55436,0,0,0,0,0,0,0,1,0,0,0
55481,0,0,0,1,0,0,0,0,0,0,0
55554,0,0,0,0,1,0,0,0,0,0,0
55572,0,0,0,0,1,0,0,0,0,0,0
55575,0,0,0,0,1,0,0,0,0,0,0
55580,0,0,0,0,1,0,0,0,0,0,0
55718,0,0,0,0,0,0,0,0,0,1,0
55947,1,0,0,0,0,0,0,0,0,0,0
55948,1,0,0,0,0,0,0,0,0,0,0
55949,1,0,0,0,0,0,0,0,0,0,0
55950,1,0,0,0,0,0,0,0,0,0,0
55951,1,0,0,0,0,0,0,0,0,0,0
55952,1,0,0,0,0,0,0,0,0,0,0
55953,1,0,0,0,0,0,0,0,0,0,0
55954,1,0,0,0,0,0,0,0,0,0,0
55955,1,0,0,0,0,0,0,0,0,0,0
55956,1,0,0,0,0,0,0,0,0,0,0
55957,1,0,0,0,0,0,0,0,0,0,0
55958,1,0,0,0,0,0,0,0,0,0,0
56006,0,0,0,1,0,0,0,0,0,0,0
56012,0,0,0,1,0,0,0,0,0,0,0
56015,0,0,0,1,0,0,0,0,0,0,0
56029,0,1,1,0,0,0,0,0,0,0,1
56033,0,0,0,1,0,0,0,0,0,0,0
56036,0,1,1,0,0,0,0,0,0,0,0
56150,0,0,0,0,0,0,0,0,1,1,0
56248,0,0,0,0,0,0,0,1,0,0,0
56249,0,0,0,0,0,0,0,1,0,0,0
56274,0,0,0,0,0,0,0,1,0,0,0
56464,0,0,0,0,0,0,0,0,0,1,0
56490,0,0,0,0,1,0,0,0,0,0,0
56493,0,0,0,0,1,0,0,0,0,0,0
56497,0,0,0,0,1,0,0,0,0,0,0
56552,0,0,0,0,0,1,0,0,0,1,0
56555,0,0,0,0,0,1,0,0,0,1,0
56559,0,0,0,0,0,1,0,0,0,1,0
56560,1,0,0,0,0,0,0,0,0,0,0
56567,1,0,0,0,0,0,0,0,0,0,0
56575,1,0,0,0,0,0,0,0,0,0,0
56629,0,0,0,0,1,0,0,0,0,0,0
56640,0,0,0,0,1,0,0,0,0,0,0
56646,0,0,0,0,0,0,0,0,0,1,0
56649,0,0,0,0,0,0,0,0,0,1,0
56837,0,0,0,0,0,1,0,0,0,1,0
56840,0,0,0,0,0,1,0,0,0,1,0
56841,0,0,0,0,0,1,0,0,0,1,0
56885,0,0,0,0,0,0,0,0,0,1,0
56895,0,0,0,0,0,0,0,1,0,0,0
56930,0,0,1,0,0,0,0,0,0,0,0
57041,0,0,0,0,0,0,0,0,0,1,0
57054,0,0,0,0,0,0,0,0,0,1,0
57066,0,0,0,0,1,0,0,0,0,0,0
57072,0,0,0,0,1,0,0,0,0,0,0
57178,0,0,0,0,0,0,0,1,0,0,0
57180,0,0,0,0,0,0,0,1,0,0,0
57257,0,0,0,0,0,0,0,0,0,1,0
57271,0,0,0,1,0,0,0,0,0,0,0
57272,0,0,0,1,0,0,0,0,0,0,0
57273,0,0,0,1,0,0,0,0,0,0,0
57329,0,0,0,1,0,0,0,0,0,0,0
57344,0,0,0,1,0,0,0,0,0,0,0
57355,0,0,0,1,0,0,0,0,0,0,0
57359,0,0,0,1,0,0,0,0,0,0,0
57396,0,0,0,0,0,0,0,0,0,1,0
57402,0,0,0,0,0,0,0,0,0,1,0
57404,0,0,0,0,0,0,0,0,0,1,0
57406,0,0,1,0,0,0,0,0,0,0,1
57408,0,0,1,0,0,0,0,0,0,0,1
57411,0,0,1,0,0,0,0,0,0,0,1
57412,0,0,1,0,0,0,0,0,0,0,1
57413,0,0,1,0,0,0,0,0,0,0,1
57415,0,0,1,0,0,0,0,0,0,0,1
57417,0,0,1,0,0,0,0,0,0,0,1
57441,0,0,0,1,0,0,0,0,0,0,0
57442,0,0,0,1,0,0,0,0,0,0,0
57567,0,0,0,0,0,0,0,0,1,1,0
57629,0,0,0,1,0,0,0,0,0,0,0
57680,0,0,0,0,0,1,0,0,0,1,0
57886,0,0,0,0,0,1,0,0,0,1,0
57888,0,0,0,0,0,1,0,0,0,1,0
57938,0,0,0,1,0,0,0,0,0,0,0
57943,0,0,0,1,0,0,0,0,0,0,0
57967,0,0,0,0,0,0,0,0,1,1,0
58001,0,0,0,1,0,0,0,0,0,0,0
58002,0,0,0,1,0,0,0,0,0,0,0
58053,0,0,0,1,0,0,0,0,0,0,0
58054,0,0,0,1,0,0,0,0,0,0,0
58060,0,0,0,1,0,0,0,0,0,0,0
58068,0,0,0,1,0,0,0,0,0,0,0
58069,0,0,0,1,0,0,0,0,0,0,0
58077,1,0,0,0,0,0,0,0,0,0,0
58117,0,0,0,0,0,0,0,1,0,0,0
58156,1,0,0,0,0,0,0,0,0,0,0
58157,1,0,0,0,0,0,0,0,0,0,0
58160,1,0,0,0,0,0,0,0,0,0,0
58161,0,0,0,0,0,0,0,1,0,0,0
58166,0,0,0,0,0,0,0,1,0,0,0
58167,0,0,0,0,0,0,0,1,0,0,0
58169,0,0,0,0,0,0,0,1,0,0,0
58173,0,0,0,0,0,0,0,1,0,0,0
58207,0,0,0,0,1,0,0,0,0,0,0
58215,0,0,0,0,1,0,0,0,0,0,0
58222,0,0,0,0,0,0,0,0,1,1,0
58233,0,0,1,0,0,0,0,0,0,0,1
58237,0,0,1,0,0,0,0,0,0,0,1
58238,0,0,1,0,0,0,0,0,0,0,1
58239,0,0,1,0,0,0,0,0,0,0,1
58265,0,0,1,0,0,0,0,0,0,0,1
58333,0,0,0,0,0,1,0,0,0,1,0
58341,0,0,1,0,0,0,0,0,0,0,0
58343,0,0,1,0,0,0,0,0,0,0,1
58402,0,0,0,0,0,0,0,0,0,1,0
58423,0,0,0,0,0,0,0,0,0,1,0
58474,0,0,0,0,0,0,0,1,0,0,0
58526,0,0,0,0,0,1,0,0,0,1,0
58531,0,0,0,0,0,1,0,0,0,1,0
58553,0,0,0,1,0,0,0,0,0,0,0
58555,0,0,0,1,0,0,0,0,0,0,0
58570,0,0,0,1,0,0,0,0,0,0,0
58701,1,0,0,0,0,0,0,0,0,0,0
58720,1,0,0,0,0,0,0,0,0,0,0
58721,1,0,0,0,0,0,0,0,0,0,0
58722,1,0,0,0,0,0,0,0,0,0,0
58723,1,0,0,0,0,0,0,0,0,0,0
58724,1,0,0,0,0,0,0,0,0,0,0
58725,1,0,0,0,0,0,0,0,0,0,0
58726,1,0,0,0,0,0,0,0,0,0,0
58727,1,0,0,0,0,0,0,0,0,0,0
58728,1,0,0,0,0,0,0,0,0,0,0
58729,1,0,0,0,0,0,0,0,0,0,0
58731,1,0,0,0,0,0,0,0,0,0,0
58751,1,0,0,0,0,0,0,0,0,0,0
58752,1,0,0,0,0,0,0,0,0,0,0
58754,1,0,0,0,0,0,0,0,0,0,0
58755,1,0,0,0,0,0,0,0,0,0,0
58756,1,0,0,0,0,0,0,0,0,0,0
58757,1,0,0,0,0,0,0,0,0,0,0
58763,1,0,0,0,0,0,0,0,0,0,0
58764,1,0,0,0,0,0,0,0,0,0,0
58877,1,0,0,0,0,0,0,0,0,0,0
58878,1,0,0,0,0,0,0,0,0,0,0
58889,1,0,0,0,0,0,0,0,0,0,0
59015,1,0,0,0,0,0,0,0,0,0,0
59016,1,0,0,0,0,0,0,0,0,0,0
59017,1,0,0,0,0,0,0,0,0,0,0
59020,1,0,0,0,0,0,0,0,0,0,0
59021,1,0,0,0,0,0,0,0,0,0,0
59022,1,0,0,0,0,0,0,0,0,0,0
59023,1,0,0,0,0,0,0,0,0,0,0
59024,1,0,0,0,0,0,0,0,0,0,0
59044,1,0,0,0,0,0,0,0,0,0,0
59046,1,0,0,0,0,0,0,0,0,0,0
59047,1,0,0,0,0,0,0,0,0,0,0
59050,1,0,0,0,0,0,0,0,0,0,0
59051,1,0,0,0,0,0,0,0,0,0,0
59052,1,0,0,0,0,0,0,0,0,0,0
59053,1,0,0,0,0,0,0,0,0,0,0
59054,1,0,0,0,0,0,0,0,0,0,0
59055,1,0,0,0,0,0,0,0,0,0,0
59056,1,0,0,0,0,0,0,0,0,0,0
59057,1,0,0,0,0,0,0,0,0,0,0
59058,1,0,0,0,0,0,0,0,0,0,0
59059,1,0,0,0,0,0,0,0,0,0,0
59060,1,0,0,0,0,0,0,0,0,0,0
59061,1,0,0,0,0,0,0,0,0,0,0
59062,1,0,0,0,0,0,0,0,0,0,0
59063,1,0,0,0,0,0,0,0,0,0,0
59068,1,0,0,0,0,0,0,0,0,0,0
59179,0,0,0,0,0,0,0,0,1,1,0
59226,0,0,0,0,0,0,0,0,0,1,0
59241,0,0,0,0,0,0,0,0,0,1,0
59446,0,0,0,0,0,0,0,1,0,0,0
59449,0,0,0,0,0,0,0,1,0,0,0
59450,0,0,0,0,0,0,0,1,0,0,0
59453,0,0,0,0,0,0,0,1,0,0,0
59502,0,0,0,0,0,0,1,0,0,0,0
59503,0,0,0,0,0,0,1,0,0,0,0
59504,0,0,0,0,0,0,1,0,0,0,0
59505,0,0,0,0,0,0,1,0,0,0,0
59506,0,0,0,0,0,0,1,0,0,0,0
59507,0,0,0,0,0,0,1,0,0,0,0
59508,0,0,0,0,0,0,1,0,0,0,0
59510,0,0,0,0,0,0,1,0,0,0,0
59511,0,0,0,0,0,0,1,0,0,0,0
59512,0,0,0,0,0,0,1,0,0,0,0
59513,0,0,0,0,0,0,1,0,0,0,0
59514,0,0,0,0,0,0,1,0,0,0,0
59577,1,0,0,0,0,0,0,0,0,0,0
59578,1,0,0,0,0,0,0,0,0,0,0
59579,1,0,0,0,0,0,0,0,0,0,0
59580,1,0,0,0,0,0,0,0,0,0,0
59582,1,0,0,0,0,0,0,0,0,0,0
59584,1,0,0,0,0,0,0,0,0,0,0
59585,1,0,0,0,0,0,0,0,0,0,0
59586,1,0,0,0,0,0,0,0,0,0,0
59587,1,0,0,0,0,0,0,0,0,0,0
59876,0,0,0,0,0,0,0,0,0,1,0
59904,0,0,0,0,0,0,0,0,0,1,0
59917,0,1,1,0,0,0,0,0,0,0,0
59930,0,0,0,1,0,0,0,0,0,0,0
59936,0,0,1,0,0,0,0,0,0,0,1
59938,0,0,1,0,0,0,0,0,0,0,1
59975,0,0,0,0,0,0,0,0,0,1,0
60074,0,0,0,1,0,0,0,0,0,0,0
60276,0,0,0,0,0,0,1,0,0,0,0
60277,0,0,0,0,0,0,1,0,0,0,0
60278,0,0,0,0,0,0,1,0,0,0,0
60279,0,0,0,0,0,0,1,0,0,0,0
60280,0,0,0,0,0,0,1,0,0,0,0
60281,0,0,0,0,0,0,1,0,0,0,0
60282,0,0,0,0,0,0,1,0,0,0,0
60283,0,0,0,0,0,0,1,0,0,0,0
60284,0,0,0,0,0,0,1,0,0,0,0
60285,0,0,0,0,0,0,1,0,0,0,0
60286,0,0,0,0,0,0,1,0,0,0,0
60287,0,0,0,0,0,0,1,0,0,0,0
60317,0,0,0,1,0,0,0,0,0,0,0
60323,0,0,0,1,0,0,0,0,0,0,0
60331,0,0,0,1,0,0,0,0,0,0,0
60359,0,0,0,0,0,0,0,0,0,1,0
60421,0,0,0,0,0,0,0,0,1,1,0
60459,0,0,0,0,0,0,0,0,0,1,0
60472,0,0,0,0,1,0,0,0,0,0,0
60476,0,0,0,0,1,0,0,0,0,0,0
60480,0,0,0,0,1,0,0,0,0,0,0
60491,0,0,0,0,1,0,0,0,0,0,0
60602,0,0,0,0,1,0,0,0,0,0,0
60729,0,0,0,0,0,0,0,0,1,1,0
60810,0,0,0,1,0,0,0,0,0,0,0
60883,0,0,0,0,0,0,0,0,1,1,0
60967,0,0,0,1,0,0,0,0,0,0,0
60994,0,0,0,1,0,0,0,0,0,0,0
61161,0,0,0,0,1,0,0,0,0,0,0
61163,0,0,0,0,1,0,0,0,0,0,0
61168,0,0,0,0,1,0,0,0,0,0,0
61173,0,0,0,0,1,0,0,0,0,0,0
61175,0,0,0,0,1,0,0,0,0,0,0
61452,0,0,0,0,1,0,0,0,0,0,0
61491,0,0,0,0,0,0,0,0,0,1,0
61493,0,0,0,0,0,0,0,0,0,1,0
61533,0,0,0,0,1,0,0,0,0,0,0
61569,0,0,1,0,0,0,0,0,0,0,0
61587,0,0,0,0,0,0,0,1,0,0,0
61588,0,0,0,0,0,0,0,1,0,0,0
61589,0,0,0,0,0,0,0,1,0,0,0
61590,0,0,0,0,0,0,0,1,0,0,0
61591,0,0,0,0,0,0,0,1,0,0,0
61592,0,0,0,0,0,0,0,1,0,0,0
61595,0,0,0,1,0,0,0,0,0,0,0
61679,0,0,0,0,0,0,0,1,0,0,0
61734,0,0,0,0,0,0,0,1,0,0,0
61736,0,0,0,0,0,0,0,1,0,0,0
61738,0,0,0,0,0,0,0,1,0,0,0
61742,0,0,0,0,0,0,0,1,0,0,0
61748,0,0,1,0,0,0,0,0,0,0,1
61753,0,0,1,0,0,0,0,0,0,0,1
61755,0,0,1,0,0,0,0,0,0,0,1
61756,0,0,1,0,0,0,0,0,0,0,1
61757,0,0,1,0,0,0,0,0,0,0,1
61797,0,0,0,0,0,0,0,0,1,1,0
61817,0,0,0,0,0,0,0,0,1,1,0
61891,0,0,0,0,0,0,1,0,0,0,0
61894,0,0,0,0,0,0,1,0,0,0,0
61896,0,0,0,0,0,0,1,0,0,0,0
61897,0,0,0,0,0,0,1,0,0,0,0
61906,0,0,0,0,0,0,1,0,0,0,0
61923,0,0,0,0,0,0,1,0,0,0,0
62002,0,0,0,0,1,0,0,0,0,0,0
62028,0,0,0,0,1,0,0,0,0,0,0
62037,0,0,0,0,1,0,0,0,0,0,0
62048,0,0,1,0,0,0,0,0,0,0,0
62157,0,0,0,0,0,0,0,1,0,0,0
62163,0,0,0,0,0,0,0,1,0,0,0
62164,0,0,0,0,0,0,0,1,0,0,0
62318,0,0,0,1,0,0,0,0,0,0,0
62326,0,1,1,0,0,0,0,0,0,0,0
62328,0,1,1,0,0,0,0,0,0,0,0
62330,0,1,1,0,0,0,0,0,0,0,0
62332,0,1,1,0,0,0,0,0,0,0,0
62334,0,1,1,0,0,0,0,0,0,0,0
62336,0,1,1,0,0,0,0,0,0,0,0
62337,0,0,0,0,0,0,0,0,0,1,0
62436,0,0,0,0,0,0,0,1,0,0,0
62446,0,0,0,0,0,0,0,1,0,0,0
62448,0,0,0,0,0,0,0,1,0,0,0
62449,0,0,0,0,0,0,0,1,0,0,0
62452,0,0,0,0,0,0,0,1,0,0,0
62583,0,0,0,0,0,0,0,0,0,1,0
62742,0,0,0,0,0,0,0,1,0,0,0
62748,0,0,0,0,0,0,0,1,0,0,0
62749,0,0,0,0,0,0,0,1,0,0,0
62750,0,0,0,0,0,0,0,1,0,0,0
62751,0,0,0,0,0,0,0,1,0,0,0
62753,0,0,0,0,0,0,0,1,0,0,0
62858,0,0,0,0,0,0,0,0,0,1,0
63023,0,0,0,0,0,0,0,0,0,1,0
63039,0,0,0,0,0,0,0,0,1,1,0
63097,0,0,0,0,0,0,0,0,0,1,0
63113,0,0,0,0,0,1,0,0,1,1,0
63115,0,0,0,0,0,1,0,0,1,1,0
63117,0,0,0,0,0,1,0,0,1,1,0
63149,0,0,0,1,0,0,0,0,0,0,0
63151,0,0,0,1,0,0,0,0,0,0,0
63152,0,0,0,1,0,0,0,0,0,0,0
63157,0,0,0,1,0,0,0,0,0,0,0
63224,0,0,0,0,0,0,0,1,0,0,0
63226,0,0,0,0,0,0,0,1,0,0,0
63316,0,0,0,1,0,0,0,0,0,0,0
63343,0,0,1,0,0,0,0,0,0,0,1
63344,0,0,1,0,0,0,0,0,0,0,1
63347,0,0,1,0,0,0,0,0,0,0,1
63348,0,0,1,0,0,0,0,0,0,0,1
63353,0,0,1,0,0,0,0,0,0,0,1
63355,0,0,1,0,0,0,0,0,0,0,1
63358,0,0,1,0,0,0,0,0,0,0,1
63361,0,0,1,0,0,0,0,0,0,0,1
63362,0,0,1,0,0,0,0,0,0,0,1
63363,0,0,1,0,0,0,0,0,0,0,1
63364,0,0,1,0,0,0,0,0,0,0,1
63371,0,0,1,0,0,0,0,0,0,0,1
63372,0,0,1,0,0,0,0,0,0,0,1
63373,0,0,1,0,0,0,0,0,0,0,1
63374,0,0,1,0,0,0,0,0,0,0,1
63384,0,0,0,0,0,0,0,0,0,1,0
63470,0,0,0,0,0,1,0,0,0,1,0
63472,0,0,0,0,0,1,0,0,0,1,0
63497,0,0,0,0,0,0,0,0,0,1,0
63733,0,0,0,0,1,0,0,0,0,0,0
63762,0,0,0,0,1,0,0,0,0,0,0
63771,0,0,0,0,1,0,0,0,0,0,0
63800,0,0,0,0,1,0,0,0,0,0,0
63803,0,0,0,0,1,0,0,0,0,0,0
63867,0,0,0,0,1,0,0,0,0,0,0
63897,0,0,0,0,1,0,0,0,0,0,0
63906,0,0,0,0,1,0,0,0,0,0,0
63915,0,0,0,0,0,0,0,0,0,1,0
63967,0,1,1,0,0,0,0,0,0,0,0
63969,0,1,1,0,0,0,0,0,0,0,0
63971,0,1,1,0,0,0,0,0,0,0,0
63973,0,1,1,0,0,0,0,0,0,0,0
63999,0,0,0,0,0,0,0,1,0,0,0
64005,0,0,0,0,0,0,0,1,0,0,0
64006,0,0,0,0,0,0,0,1,0,0,0
64007,0,0,0,0,0,0,0,1,0,0,0
64008,0,0,0,0,0,0,0,1,0,0,0
64009,0,0,0,0,0,0,0,1,0,0,0
64079,0,0,0,0,0,0,0,1,0,0,0
64091,0,0,0,1,0,0,0,0,0,0,0
64093,0,0,0,1,0,0,0,0,0,0,0
64194,0,0,0,0,0,0,0,0,0,1,0
64247,0,0,0,1,0,0,0,0,0,0,0
64252,0,0,0,1,0,0,0,0,0,0,0
64331,0,1,1,0,0,0,0,0,0,0,0
64332,0,1,1,0,0,0,0,0,0,0,0
64333,0,1,1,0,0,0,0,0,0,0,0
64334,0,1,1,0,0,0,0,0,0,0,0
64338,0,0,0,0,1,0,0,0,0,0,0
64350,0,0,0,0,1,0,0,0,0,0,0
64364,0,0,0,0,0,0,0,1,0,0,0
64365,0,0,0,0,0,0,0,1,0,0,0
64366,0,0,0,0,0,0,0,1,0,0,0
64431,0,0,1,0,0,0,0,0,0,0,0
64503,1,0,0,0,0,0,0,0,0,0,0
64516,0,0,0,0,1,0,0,0,0,0,0
64544,0,0,1,0,0,0,0,0,0,0,0
64549,0,0,1,0,0,0,0,0,0,0,0
64596,0,0,0,1,0,0,0,0,0,0,0
64600,0,0,0,1,0,0,0,0,0,0,0
64601,0,0,0,1,0,0,0,0,0,0,0
64604,0,0,0,1,0,0,0,0,0,0,0
64630,0,0,0,0,1,0,0,0,0,0,0
64657,0,0,0,0,0,0,0,0,0,1,0
64669,0,0,0,0,0,0,0,0,1,1,0
64739,0,0,0,0,0,0,0,0,0,1,0
64787,0,0,0,0,0,0,0,1,0,0,0
64788,0,0,0,0,0,0,0,1,0,0,0
64789,0,0,0,0,0,0,0,1,0,0,0
64796,0,0,0,0,0,0,0,1,0,0,0
64832,0,0,0,0,0,0,0,1,0,0,0
64834,0,0,0,0,0,0,0,1,0,0,0
64836,0,0,0,0,0,0,0,1,0,0,0
64840,0,0,0,0,0,0,0,1,0,0,0
64841,0,0,0,0,0,0,0,1,0,0,0
64855,0,0,0,1,0,0,0,0,0,0,0
64858,0,0,0,1,0,0,0,0,0,0,0
64859,0,0,0,1,0,0,0,0,0,0,0
64861,0,0,0,1,0,0,0,0,0,0,0
64864,0,0,0,1,0,0,0,0,0,0,0
64866,0,0,0,1,0,0,0,0,0,0,0
64893,0,0,0,1,0,0,0,0,0,0,0
64895,0,0,0,1,0,0,0,0,0,0,0
64992,0,0,0,0,1,0,0,0,0,0,0
64998,0,0,0,0,0,0,0,0,1,1,0
65090,0,0,0,1,0,0,0,0,0,0,0
65234,0,0,0,1,0,0,0,0,0,0,0
65295,0,0,0,0,0,0,0,0,0,1,0
65439,0,0,0,1,0,0,0,0,0,0,0
65617,0,0,0,0,0,0,0,0,1,1,0
65651,1,0,0,0,0,0,0,0,0,0,0
65652,1,0,0,0,0,0,0,0,0,0,0
65653,1,0,0,0,0,0,0,0,0,0,0
65654,1,0,0,0,0,0,0,0,0,0,0
65655,1,0,0,0,0,0,0,0,0,0,0
65656,1,0,0,0,0,0,0,0,0,0,0
65657,1,0,0,0,0,0,0,0,0,0,0
65658,1,0,0,0,0,0,0,0,0,0,0
65659,1,0,0,0,0,0,0,0,0,0,0
65660,1,0,0,0,0,0,0,0,0,0,0
65661,1,0,0,0,0,0,0,0,0,0,0
65662,1,0,0,0,0,0,0,0,0,0,0
65663,1,0,0,0,0,0,0,0,0,0,0
65664,1,0,0,0,0,0,0,0,0,0,0
65665,1,0,0,0,0,0,0,0,0,0,0
65666,1,0,0,0,0,0,0,0,0,0,0
65667,1,0,0,0,0,0,0,0,0,0,0
65668,1,0,0,0,0,0,0,0,0,0,0
65669,1,0,0,0,0,0,0,0,0,0,0
65670,1,0,0,0,0,0,0,0,0,0,0
65671,1,0,0,0,0,0,0,0,0,0,0
65672,1,0,0,0,0,0,0,0,0,0,0
65673,1,0,0,0,0,0,0,0,0,0,0
65674,1,0,0,0,0,0,0,0,0,0,0
65675,1,0,0,0,0,0,0,0,0,0,0
65676,1,0,0,0,0,0,0,0,0,0,0
65677,1,0,0,0,0,0,0,0,0,0,0
65678,1,0,0,0,0,0,0,0,0,0,0
65679,1,0,0,0,0,0,0,0,0,0,0
65680,1,0,0,0,0,0,0,0,0,0,0
65681,1,0,0,0,0,0,0,0,0,0,0
65682,1,0,0,0,0,0,0,0,0,0,0
65745,0,0,0,0,1,0,0,0,0,0,0
65780,0,0,1,0,0,0,0,0,0,0,0
65781,1,0,0,0,0,0,0,0,0,0,0
65782,1,0,0,0,0,0,0,0,0,0,0
65783,1,0,0,0,0,0,0,0,0,0,0
65784,1,0,0,0,0,0,0,0,0,0,0
65785,1,0,0,0,0,0,0,0,0,0,0
65786,1,0,0,0,0,0,0,0,0,0,0
65787,1,0,0,0,0,0,0,0,0,0,0
65788,1,0,0,0,0,0,0,0,0,0,0
65789,1,0,0,0,0,0,0,0,0,0,0
65790,1,0,0,0,0,0,0,0,0,0,0
65791,1,0,0,0,0,0,0,0,0,0,0
65792,1,0,0,0,0,0,0,0,0,0,0
65793,1,0,0,0,0,0,0,0,0,0,0
65794,1,0,0,0,0,0,0,0,0,0,0
65795,1,0,0,0,0,0,0,0,0,0,0
65796,1,0,0,0,0,0,0,0,0,0,0
66117,0,0,0,0,0,0,0,0,0,1,0
66124,0,0,0,0,0,0,0,0,0,1,0
66202,0,0,0,0,0,0,0,0,0,1,0
66330,0,0,1,0,0,0,0,0,0,0,1
66331,0,0,1,0,0,0,0,0,0,0,1
66332,0,0,1,0,0,0,0,0,0,0,1
66357,0,0,0,0,0,0,0,0,1,1,0
66381,0,1,1,0,0,0,0,0,0,0,1
66382,0,0,1,0,0,0,0,0,0,0,1
66384,0,1,1,0,0,0,0,0,0,0,1
66390,0,1,1,0,0,0,0,0,0,0,1
66404,0,0,0,0,0,1,0,0,0,1,0
66405,0,0,0,0,0,1,0,0,0,1,0
66451,0,0,0,0,0,0,0,0,0,1,0
66459,0,0,0,0,0,0,0,0,0,1,0
66474,0,0,0,1,0,0,0,0,0,0,0
66477,0,0,0,1,0,0,0,0,0,0,0
66480,0,0,0,1,0,0,0,0,0,0,0
66517,0,0,1,0,0,0,0,0,0,0,1
66522,0,1,1,0,0,0,0,0,0,0,1
66524,0,1,1,0,0,0,0,0,0,0,1
66640,0,0,0,0,0,0,0,1,0,0,0
66641,0,0,0,0,0,0,0,1,0,0,0
66643,0,0,0,0,0,0,0,1,0,0,0
66644,0,0,0,0,0,0,0,1,0,0,0
66646,0,0,0,0,0,0,0,1,0,0,0
66648,0,0,0,0,0,0,0,1,0,0,0
66649,0,0,0,0,0,0,0,1,0,0,0
66650,0,0,0,0,0,0,0,1,0,0,0
66701,1,0,0,0,0,0,0,0,0,0,0
66703,1,0,0,0,0,0,0,0,0,0,0
66779,1,0,0,0,0,0,0,0,0,0,0
66782,0,0,0,0,0,0,0,1,0,0,0
66804,0,0,0,0,1,0,0,0,0,0,0
66807,0,0,0,0,1,0,0,0,0,0,0
66816,0,0,0,0,1,0,0,0,0,0,0
66894,0,0,0,1,0,0,0,0,0,0,0
66925,0,0,1,0,0,0,0,0,0,0,0
67001,0,1,1,0,0,0,0,0,0,0,0
67002,0,1,1,0,0,0,0,0,0,0,0
67004,0,1,1,0,0,0,0,0,0,0,0
67005,0,1,1,0,0,0,0,0,0,0,0
67006,0,1,1,0,0,0,0,0,0,0,0
67007,0,0,0,0,0,0,0,1,0,0,0
67009,0,1,1,0,0,0,0,0,0,0,0
67010,0,0,0,0,0,0,0,1,0,0,0
67226,0,0,1,0,0,0,0,0,0,0,0
67234,0,0,0,0,1,0,0,0,0,0,0
67331,0,0,0,0,0,0,0,1,0,0,0
67332,0,0,0,0,0,0,0,1,0,0,0
67334,0,0,0,0,0,0,0,1,0,0,0
67336,0,0,0,0,0,0,0,1,0,0,0
67357,0,0,0,0,0,0,0,1,0,0,0
67358,0,0,0,0,0,0,0,1,0,0,0
67359,0,0,0,0,0,0,0,1,0,0,0
67360,0,0,0,0,0,0,0,1,0,0,0
67361,0,0,0,0,0,0,0,1,0,0,0
67362,0,0,0,0,0,0,0,1,0,0,0
67363,0,0,0,0,0,0,0,1,0,0,0
67364,0,0,0,0,0,0,0,1,0,0,0
67365,0,0,0,0,0,0,0,1,0,0,0
67366,0,0,0,0,0,0,0,1,0,0,0
67367,0,0,0,0,0,0,0,1,0,0,0
67457,0,0,0,1,0,0,0,0,0,0,0
67458,0,0,0,1,0,0,0,0,0,0,0
67462,0,0,0,1,0,0,0,0,0,0,0
67496,0,0,0,1,0,0,0,0,0,0,0
67509,0,0,0,0,0,0,0,0,1,1,0
67530,0,0,0,1,0,0,0,0,0,0,0
67734,0,0,0,1,0,0,0,0,0,0,0
67752,0,0,0,1,0,0,0,0,0,0,0
67755,0,0,0,1,0,0,0,0,0,0,0
67760,0,0,0,0,0,0,0,1,0,0,0
67768,0,0,0,0,0,1,0,0,0,1,0
67786,0,0,0,0,1,0,0,0,0,0,0
68353,0,0,0,0,0,0,0,1,0,0,0
68354,0,0,0,0,0,0,0,1,0,0,0
68355,0,0,0,0,0,0,0,1,0,0,0
68356,0,0,0,0,0,0,0,1,0,0,0
68408,0,0,0,1,0,0,0,0,0,0,0
68409,0,0,0,1,0,0,0,0,0,0,0
68532,0,0,0,0,1,0,0,0,0,0,0
68535,0,0,0,0,1,0,0,0,0,0,0
68539,0,0,0,1,0,0,0,0,0,0,0
68541,0,0,0,1,0,0,0,0,0,0,0
68542,0,0,0,1,0,0,0,0,0,0,0
68543,0,0,0,1,0,0,0,0,0,0,0
68551,0,0,0,1,0,0,0,0,0,0,0
68571,0,0,0,1,0,0,0,0,0,0,0
68590,0,0,0,0,1,0,0,0,0,0,0
68595,0,0,0,0,1,0,0,0,0,0,0
68598,0,0,0,0,1,0,0,0,0,0,0
68683,0,0,1,0,0,0,0,0,0,0,0
68872,0,0,0,1,0,0,0,0,0,0,0
68902,0,0,0,0,0,0,0,0,0,1,0
68918,0,0,0,0,0,0,0,0,0,1,0
68999,0,0,0,1,0,0,0,0,0,0,0
69177,0,0,0,0,0,0,0,0,1,1,0
69182,0,0,0,0,0,0,0,1,0,0,0
69188,0,0,0,0,0,0,0,1,0,0,0
69193,0,1,1,0,0,0,0,0,0,0,0
69194,0,1,1,0,0,0,0,0,0,0,0
69195,0,1,1,0,0,0,0,0,0,0,0
69196,0,1,1,0,0,0,0,0,0,0,0
69197,0,1,1,0,0,0,0,0,0,0,0
69198,0,1,1,0,0,0,0,0,0,0,0
69199,0,1,1,0,0,0,0,0,0,0,0
69200,0,1,1,0,0,0,0,0,0,0,0
69201,0,1,1,0,0,0,0,0,0,0,0
69202,0,1,1,0,0,0,0,0,0,0,0
69203,0,1,1,0,0,0,0,0,0,0,0
69204,0,1,1,0,0,0,0,0,0,0,0
69205,0,1,1,0,0,0,0,0,0,0,0
69206,0,1,1,0,0,0,0,0,0,0,0
69207,0,1,1,0,0,0,0,0,0,0,0
69208,0,1,1,0,0,0,0,0,0,0,0
69209,0,1,1,0,0,0,0,0,0,0,0
69210,0,1,1,0,0,0,0,0,0,0,0
69211,0,1,1,0,0,0,0,0,0,0,0
69259,0,0,0,0,0,0,0,0,1,1,0
69554,0,0,0,0,1,0,0,0,0,0,0
69557,0,0,0,0,1,0,0,0,0,0,0
69561,0,0,0,0,1,0,0,0,0,0,0
69665,0,0,0,1,0,0,0,0,0,0,0
69682,0,0,0,1,0,0,0,0,0,0,0
69686,0,0,0,1,0,0,0,0,0,0,0
69723,0,0,0,0,0,0,0,0,0,1,0
69724,0,0,0,0,0,0,0,0,0,1,0
69744,0,0,0,0,0,0,0,1,0,0,0
69745,0,0,0,0,0,0,0,1,0,0,0
69747,0,0,0,0,0,0,0,1,0,0,0
69784,0,0,0,1,0,0,0,0,0,0,0
69785,0,0,0,1,0,0,0,0,0,0,0
69788,0,0,0,1,0,0,0,0,0,0,0
69826,0,0,0,0,1,0,0,0,0,0,0
69828,0,0,0,0,1,0,0,0,0,0,0
69829,0,0,0,0,1,0,0,0,0,0,0
69830,0,0,0,0,1,0,0,0,0,0,0
69831,0,0,0,0,1,0,0,0,0,0,0
69834,0,0,0,0,1,0,0,0,0,0,0
69835,0,0,0,0,1,0,0,0,0,0,0
69943,0,0,0,0,0,0,0,0,1,1,0
69948,0,0,0,0,0,0,0,0,1,1,0
69954,0,0,0,0,0,0,0,0,0,1,0
70002,0,0,0,1,0,0,0,0,0,0,0
70005,0,0,0,1,0,0,0,0,0,0,0
70044,0,0,0,0,0,0,0,0,1,1,0
70172,0,0,0,1,0,0,0,0,0,0,0
70194,0,0,0,0,0,0,0,0,0,1,0
70206,0,0,0,0,1,0,0,0,0,0,0
70207,0,0,0,0,1,0,0,0,0,0,0
70285,1,0,0,0,0,0,0,0,0,0,0
70301,0,0,1,0,0,0,0,0,0,0,0
70417,1,0,0,0,0,0,0,0,0,0,0
70418,1,0,0,0,0,0,0,0,0,0,0
70419,1,0,0,0,0,0,0,0,0,0,0
70423,0,0,0,0,0,0,0,1,0,0,0
70424,0,0,0,0,0,0,0,1,0,0,0
70426,0,0,0,0,0,0,0,1,0,0,0
70441,1,0,0,0,0,0,0,0,0,0,0
70442,1,0,0,0,0,0,0,0,0,0,0
70443,1,0,0,0,0,0,0,0,0,0,0
70444,1,0,0,0,0,0,0,0,0,0,0
70445,1,0,0,0,0,0,0,0,0,0,0
70446,1,0,0,0,0,0,0,0,0,0,0
70447,1,0,0,0,0,0,0,0,0,0,0
70448,1,0,0,0,0,0,0,0,0,0,0
70449,1,0,0,0,0,0,0,0,0,0,0
70450,1,0,0,0,0,0,0,0,0,0,0
70451,1,0,0,0,0,0,0,0,0,0,0
70452,1,0,0,0,0,0,0,0,0,0,0
70454,1,0,0,0,0,0,0,0,0,0,0
70455,1,0,0,0,0,0,0,0,0,0,0
70456,1,0,0,0,0,0,0,0,0,0,0
70457,1,0,0,0,0,0,0,0,0,0,0
70458,1,0,0,0,0,0,0,0,0,0,0
70459,1,0,0,0,0,0,0,0,0,0,0
70460,1,0,0,0,0,0,0,0,0,0,0
70461,1,0,0,0,0,0,0,0,0,0,0
70462,1,0,0,0,0,0,0,0,0,0,0
70463,1,0,0,0,0,0,0,0,0,0,0
70464,1,0,0,0,0,0,0,0,0,0,0
70465,1,0,0,0,0,0,0,0,0,0,0
70466,1,0,0,0,0,0,0,0,0,0,0
70467,1,0,0,0,0,0,0,0,0,0,0
70468,1,0,0,0,0,0,0,0,0,0,0
70469,1,0,0,0,0,0,0,0,0,0,0
70470,1,0,0,0,0,0,0,0,0,0,0
70471,1,0,0,0,0,0,0,0,0,0,0
70472,1,0,0,0,0,0,0,0,0,0,0
70517,0,0,0,1,0,0,0,0,0,0,0
70655,0,0,0,0,1,0,0,0,0,0,0
70656,0,0,0,0,1,0,0,0,0,0,0
70658,0,0,0,0,1,0,0,0,0,0,0
70659,0,0,0,0,1,0,0,0,0,0,0
70773,0,0,0,0,1,0,0,0,0,0,0
70809,0,0,0,0,0,1,0,0,0,1,0
70813,0,0,0,0,0,1,0,0,0,1,0
70873,0,0,0,0,0,0,0,1,0,0,0
70874,0,0,0,0,0,0,0,1,0,0,0
70875,0,0,0,0,0,0,0,1,0,0,0
70877,0,0,0,0,0,0,0,1,0,0,0
70878,0,0,0,0,0,0,0,1,0,0,0
70879,0,0,0,0,0,0,0,1,0,0,0
70913,0,0,0,0,1,0,0,0,0,0,0
70914,0,0,0,0,1,0,0,0,0,0,0
70933,1,0,0,0,0,0,0,0,0,0,0
70934,1,0,0,0,0,0,0,0,0,0,0
70935,1,0,0,0,0,0,0,0,0,0,0
70936,1,0,0,0,0,0,0,0,0,0,0
70937,1,0,0,0,0,0,0,0,0,0,0
70938,1,0,0,0,0,0,0,0,0,0,0
70939,1,0,0,0,0,0,0,0,0,0,0
70940,1,0,0,0,0,0,0,0,0,0,0
70941,1,0,0,0,0,0,0,0,0,0,0
70942,1,0,0,0,0,0,0,0,0,0,0
70943,1,0,0,0,0,0,0,0,0,0,0
71096,0,0,1,0,0,0,0,0,0,0,0
71150,0,0,0,0,1,0,0,0,0,0,0
71153,0,0,0,0,1,0,0,0,0,0,0
71154,0,0,0,0,1,0,0,0,0,0,0
71157,0,0,0,0,1,0,0,0,0,0,0
71160,0,0,0,0,1,0,0,0,0,0,0
71172,0,0,0,0,1,0,0,0,0,0,0
71175,0,0,0,0,1,0,0,0,0,0,0
71215,0,0,0,0,1,0,0,0,0,0,0
71222,0,0,0,0,1,0,0,0,0,0,0
71226,0,0,0,0,1,0,0,0,0,0,0
71228,0,0,0,0,1,0,0,0,0,0,0
71229,0,0,0,0,1,0,0,0,0,0,0
71230,0,0,0,0,1,0,0,0,0,0,0
71240,0,0,0,0,1,0,0,0,0,0,0
71241,0,0,0,0,1,0,0,0,0,0,0
71242,0,0,0,0,1,0,0,0,0,0,0
71245,0,0,0,0,1,0,0,0,0,0,0
71246,0,0,0,0,1,0,0,0,0,0,0
71248,0,0,0,0,1,0,0,0,0,0,0
71249,0,0,0,0,1,0,0,0,0,0,0
71252,0,0,0,0,1,0,0,0,0,0,0
71276,0,0,0,0,0,0,0,0,1,1,0
71362,0,0,0,0,0,0,0,0,1,1,0
71515,0,0,1,0,0,0,0,0,0,0,0
71613,0,0,0,0,0,1,0,0,0,1,0
71615,0,0,0,0,0,1,0,0,0,1,0
71616,0,0,0,0,0,1,0,0,0,1,0
71617,0,0,0,0,0,1,0,0,0,1,0
71618,0,0,0,0,0,1,0,0,0,1,0
71619,0,0,0,0,0,1,0,0,0,1,0
71620,0,0,0,0,0,1,0,0,0,1,0
71621,0,0,0,0,0,1,0,0,0,1,0
71622,0,0,0,0,0,1,0,0,0,1,0
71688,0,0,0,0,1,0,0,0,0,0,0
71689,0,0,0,0,1,0,0,0,0,0,0
71690,0,0,0,0,1,0,0,0,0,0,0
71692,0,0,0,0,1,0,0,0,0,0,0
71693,0,0,0,0,1,0,0,0,0,0,0
71695,0,0,0,0,1,0,0,0,0,0,0
71709,0,0,0,0,0,0,0,1,0,0,0
71723,0,0,0,0,0,0,1,0,0,0,0
71812,0,0,1,0,0,0,0,0,0,0,0
71823,0,0,1,0,0,0,0,0,0,0,0
71857,1,0,0,0,0,0,0,0,0,0,0
71858,1,0,0,0,0,0,0,0,0,0,0
71859,0,0,0,1,0,0,0,0,0,0,0
71933,0,0,0,0,0,0,0,0,0,1,0
71936,0,0,0,0,0,0,0,0,0,1,0
71954,0,0,1,0,0,0,0,0,0,0,0
72074,0,0,1,0,0,0,0,0,0,0,0
72131,0,0,0,0,1,0,0,0,0,0,0
72132,0,0,0,0,1,0,0,0,0,0,0
72134,0,0,0,0,1,0,0,0,0,0,0
72146,0,0,0,1,0,0,0,0,0,0,0
72147,0,0,0,1,0,0,0,0,0,0,0
72149,0,0,0,1,0,0,0,0,0,0,0
72200,0,0,1,0,0,0,0,0,0,0,0
72206,0,1,1,0,0,0,0,0,0,0,0
72210,0,1,1,0,0,0,0,0,0,0,1
72215,0,1,1,0,0,0,0,0,0,0,0
72234,0,0,0,0,1,0,0,0,0,0,0
72456,0,0,0,0,0,0,0,0,1,1,0
72476,0,0,0,0,0,0,0,1,0,0,0
72477,0,1,1,0,0,0,0,0,0,0,0
72514,0,0,0,0,0,0,0,1,0,0,0
72783,0,0,0,0,1,0,0,0,0,0,0
72784,0,0,0,0,1,0,0,0,0,0,0
72785,0,0,0,0,1,0,0,0,0,0,0
72787,0,0,0,0,1,0,0,0,0,0,0
72926,0,0,0,1,0,0,0,0,0,0,0
72928,0,0,0,1,0,0,0,0,0,0,0
72986,0,0,0,1,0,0,0,0,0,0,0
73089,0,0,0,1,0,0,0,0,0,0,0
73095,0,0,0,1,0,0,0,0,0,0,0
73097,0,0,0,1,0,0,0,0,0,0,0
73098,0,0,0,1,0,0,0,0,0,0,0
73150,1,0,0,0,0,0,0,0,0,0,0
73151,1,0,0,0,0,0,0,0,0,0,0
73152,1,0,0,0,0,0,0,0,0,0,0
73184,0,0,0,0,0,0,0,0,1,1,0
73316,0,0,0,0,0,0,0,0,1,1,0
73318,0,0,0,0,0,0,0,0,1,1,0
73334,0,1,1,0,0,0,0,0,0,0,0
73335,0,1,1,0,0,0,0,0,0,0,0
73336,0,1,1,0,0,0,0,0,0,0,0
73337,0,1,1,0,0,0,0,0,0,0,0
73338,0,1,1,0,0,0,0,0,0,0,0
73339,0,1,1,0,0,0,0,0,0,0,0
73340,0,1,1,0,0,0,0,0,0,0,0
73341,0,1,1,0,0,0,0,0,0,0,0
73342,0,1,1,0,0,0,0,0,0,0,0
73343,0,1,1,0,0,0,0,0,0,0,0
73344,0,1,1,0,0,0,0,0,0,0,0
73371,0,0,1,0,0,0,0,0,0,0,0
73465,0,0,0,0,0,0,0,1,0,0,0
73466,0,0,0,0,0,0,0,1,0,0,0
73467,0,0,0,0,0,0,0,1,0,0,0
73468,0,0,0,0,0,0,0,1,0,0,0
73469,0,0,0,0,0,0,0,1,0,0,0
73515,0,0,0,0,0,0,0,0,1,1,0
73521,0,0,0,0,0,0,0,0,1,1,0
73551,0,0,0,0,1,0,0,0,0,0,0
73792,0,0,0,0,0,0,0,1,0,0,0
73819,0,0,0,1,0,0,0,0,0,0,0
73820,0,0,0,1,0,0,0,0,0,0,0
73822,0,0,0,1,0,0,0,0,0,0,0
73921,0,0,0,0,0,0,0,1,0,0,0
74002,0,0,0,0,0,0,0,1,0,0,0
74302,0,0,0,1,0,0,0,0,0,0,0
74354,0,0,0,0,0,0,0,0,0,1,0
74360,0,0,1,0,0,0,0,0,0,0,0
74370,0,0,0,1,0,0,0,0,0,0,0
74372,0,0,0,1,0,0,0,0,0,0,0
74378,0,0,0,1,0,0,0,0,0,0,0
74380,0,0,0,1,0,0,0,0,0,0,0
74385,0,0,0,1,0,0,0,0,0,0,0
74386,0,0,0,1,0,0,0,0,0,0,0
74388,0,0,0,1,0,0,0,0,0,0,0
74391,0,0,0,1,0,0,0,0,0,0,0
74392,0,0,0,1,0,0,0,0,0,0,0
74393,0,0,0,1,0,0,0,0,0,0,0
74482,0,0,0,1,0,0,0,0,0,0,0
74671,0,0,0,0,0,0,0,0,0,1,0
74706,0,0,0,0,0,0,0,0,0,1,0
74882,0,0,0,0,0,0,0,0,1,1,0
74886,0,0,0,0,0,0,0,0,1,1,0
74908,0,0,0,0,0,1,0,0,0,1,0
74910,0,0,0,0,0,1,0,0,0,1,0
74914,0,0,0,0,0,1,0,0,0,1,0
74916,0,0,0,0,0,1,0,0,0,1,0
74954,0,0,0,0,1,0,0,0,0,0,0
74955,0,0,0,0,1,0,0,0,0,0,0
74956,0,0,0,0,1,0,0,0,0,0,0
74960,0,0,0,1,0,0,0,0,0,0,0
75040,0,0,0,1,0,0,0,0,0,0,0
75084,0,0,0,0,1,0,0,0,0,0,0
75194,0,0,0,0,0,0,0,1,0,0,0
75195,0,0,0,0,0,0,0,1,0,0,0
75196,0,0,0,0,0,0,0,1,0,0,0
75200,0,0,0,0,0,0,0,0,1,1,0
75206,0,0,0,0,0,0,0,0,1,1,0
75222,0,0,0,0,0,1,0,0,0,1,0
75223,0,0,0,0,0,1,0,0,0,1,0
75225,0,0,0,0,0,1,0,0,0,1,0
75226,0,0,0,0,0,1,0,0,0,1,0
75228,0,0,0,0,0,1,0,0,0,1,0
75229,0,0,0,0,0,1,0,0,0,1,0
75230,0,0,0,0,0,1,0,0,0,1,0
75231,0,0,0,0,0,1,0,0,0,1,0
75232,0,0,0,0,0,1,0,0,0,1,0
75233,0,0,0,0,0,1,0,0,0,1,0
75234,0,0,0,0,0,1,0,0,0,1,0
75235,0,0,0,0,0,1,0,0,0,1,0
75236,0,0,0,0,0,1,0,0,0,1,0
75237,0,0,0,0,0,1,0,0,0,1,0
75238,0,0,0,0,0,1,0,0,1,1,0
75239,0,0,0,0,0,1,0,0,1,1,0
75240,0,0,0,0,0,1,0,0,1,1,0
75244,0,0,0,0,0,1,0,0,1,1,0
75247,0,0,0,0,0,1,0,0,1,1,0
75248,0,0,0,0,0,1,0,0,1,1,0
75264,0,0,0,0,0,1,0,0,0,1,0
75265,0,0,0,0,0,1,0,0,0,1,0
75266,0,0,0,0,0,1,0,0,0,1,0
75267,0,0,0,0,0,1,0,0,0,1,0
75268,0,0,0,0,0,1,0,0,0,1,0
75271,0,0,0,0,0,1,0,0,0,1,0
75272,0,0,0,0,0,1,0,0,0,1,0
75273,0,0,0,0,0,1,0,0,0,1,0
75274,0,0,0,0,0,1,0,0,0,1,0
75275,0,0,0,0,0,1,0,0,0,1,0
75285,0,0,0,0,0,1,0,0,0,1,0
75286,0,0,0,0,0,1,0,0,0,1,0
75289,0,0,0,0,0,1,0,0,0,1,0
75292,0,0,0,0,0,1,0,0,0,1,0
75294,0,0,0,0,0,1,0,0,0,1,0
75314,0,0,0,0,0,0,0,1,0,0,0
75317,0,0,0,0,0,0,0,1,0,0,0
75318,0,0,0,0,0,0,0,1,0,0,0
75374,0,0,0,0,1,0,0,0,0,0,0
75377,0,0,0,0,1,0,0,0,0,0,0
75378,0,0,0,0,1,0,0,0,0,0,0
75381,0,0,0,0,1,0,0,0,0,0,0
75385,0,0,0,0,1,0,0,0,0,0,0
75388,0,0,0,0,1,0,0,0,0,0,0
75389,0,0,0,0,1,0,0,0,0,0,0
75391,0,0,0,0,1,0,0,0,0,0,0
75394,0,0,0,0,1,0,0,0,0,0,0
75396,0,0,0,0,1,0,0,0,0,0,0
75398,0,0,0,0,1,0,0,0,0,0,0
75399,0,0,0,0,1,0,0,0,0,0,0
75403,0,0,0,0,1,0,0,0,0,0,0
75412,0,0,0,0,1,0,0,0,0,0,0
75416,0,0,0,0,1,0,0,0,0,0,0
75419,0,0,0,0,1,0,0,0,0,0,0
75421,0,0,0,0,1,0,0,0,0,0,0
75422,0,0,0,0,1,0,0,0,0,0,0
75424,0,0,0,0,1,0,0,0,0,0,0
75428,0,0,0,0,1,0,0,0,0,0,0
75650,0,0,0,0,1,0,0,0,0,0,0
75658,0,0,0,0,1,0,0,0,0,0,0
75673,0,0,1,0,0,0,0,0,0,0,0
75692,0,0,0,0,0,0,0,1,0,0,0
75704,1,0,0,0,0,0,0,0,0,0,0
75705,1,0,0,0,0,0,0,0,0,0,0
75706,1,0,0,0,0,0,0,0,0,0,0
75707,1,0,0,0,0,0,0,0,0,0,0
75710,1,0,0,0,0,0,0,0,0,0,0
75711,1,0,0,0,0,0,0,0,0,0,0
75712,1,0,0,0,0,0,0,0,0,0,0
75713,1,0,0,0,0,0,0,0,0,0,0
75714,1,0,0,0,0,0,0,0,0,0,0
75715,1,0,0,0,0,0,0,0,0,0,0
75716,1,0,0,0,0,0,0,0,0,0,0
75746,0,0,0,0,1,0,0,0,0,0,0
75747,0,0,0,0,1,0,0,0,0,0,0
75749,0,0,0,0,1,0,0,0,0,0,0
75778,0,0,1,0,0,0,0,0,0,0,0
75786,0,0,0,0,0,0,0,0,0,1,0
75891,1,0,0,0,0,0,0,0,0,0,0
75893,1,0,0,0,0,0,0,0,0,0,0
75894,1,0,0,0,0,0,0,0,0,0,0
75895,1,0,0,0,0,0,0,0,0,0,0
75896,1,0,0,0,0,0,0,0,0,0,0
75897,1,0,0,0,0,0,0,0,0,0,0
75898,1,0,0,0,0,0,0,0,0,0,0
75904,0,0,0,0,0,0,0,0,1,1,0
75914,1,0,0,0,0,0,0,0,0,0,0
75915,1,0,0,0,0,0,0,0,0,0,0
75916,1,0,0,0,0,0,0,0,0,0,0
75917,1,0,0,0,0,0,0,0,0,0,0
75918,1,0,0,0,0,0,0,0,0,0,0
75919,1,0,0,0,0,0,0,0,0,0,0
75927,0,0,0,0,1,0,0,0,0,0,0
75929,0,0,0,0,1,0,0,0,0,0,0
75930,0,0,0,0,1,0,0,0,0,0,0
75933,0,0,0,0,1,0,0,0,0,0,0
75935,0,0,0,0,1,0,0,0,0,0,0
75936,0,0,0,0,1,0,0,0,0,0,0
75971,0,0,0,1,0,0,0,0,0,0,0
75972,0,0,0,1,0,0,0,0,0,0,0
75975,0,0,0,1,0,0,0,0,0,0,0
76036,0,0,0,1,0,0,0,0,0,0,0
76114,0,0,0,0,0,0,0,0,0,1,0
76128,0,0,0,0,0,0,0,1,0,0,0
76129,0,0,0,0,0,0,0,1,0,0,0
76130,0,0,0,0,0,0,0,1,0,0,0
76131,0,0,0,0,0,0,0,1,0,0,0
76142,0,0,1,0,0,0,0,0,0,0,0
76293,0,0,1,0,0,0,0,0,0,0,0
76325,0,0,0,1,0,0,0,0,0,0,0
76375,0,0,0,1,0,0,0,0,0,0,0
76506,0,0,0,0,0,0,0,0,1,1,0
76509,0,0,1,0,0,0,0,0,0,0,0
76551,0,0,0,0,0,0,0,0,0,1,0
76654,0,0,1,0,0,0,0,0,0,0,1
76655,0,0,1,0,0,0,0,0,0,0,1
76656,0,0,1,0,0,0,0,0,0,0,1
76658,0,0,1,0,0,0,0,0,0,0,1
76659,0,0,1,0,0,0,0,0,0,0,1
77197,0,0,1,0,0,0,0,0,0,0,0
77517,0,0,0,1,0,0,0,0,0,0,0
77518,0,0,0,1,0,0,0,0,0,0,0
77521,0,0,0,1,0,0,0,0,0,0,0
77564,0,0,0,0,0,0,0,1,0,0,0
77572,0,0,0,0,0,0,0,1,0,0,0
77952,0,0,1,0,0,0,0,0,0,0,1
78019,0,0,0,0,0,0,0,0,0,1,0
78038,0,0,0,1,0,0,0,0,0,0,0
78133,0,0,0,0,0,0,0,0,1,1,0
78155,0,0,0,0,1,0,0,0,0,0,0
78297,0,0,0,1,0,0,0,0,0,0,0
78516,0,0,0,0,1,0,0,0,0,0,0
78518,0,0,0,0,1,0,0,0,0,0,0
78519,0,0,0,0,1,0,0,0,0,0,0
78521,0,0,0,0,1,0,0,0,0,0,0
78523,0,0,0,0,1,0,0,0,0,0,0
78836,0,0,0,0,1,0,0,0,0,0,0
78838,0,0,0,0,1,0,0,0,0,0,0
78842,0,0,0,0,1,0,0,0,0,0,0
78843,0,0,0,0,1,0,0,0,0,0,0
78845,0,0,0,0,1,0,0,0,0,0,0
78846,0,0,0,0,1,0,0,0,0,0,0
78847,0,0,0,0,1,0,0,0,0,0,0
78850,0,0,0,0,1,0,0,0,0,0,0
78988,0,0,0,0,1,0,0,0,0,0,0
78990,0,0,0,0,1,0,0,0,0,0,0
78994,0,0,0,0,1,0,0,0,0,0,0
78997,0,0,0,0,1,0,0,0,0,0,0
78999,0,0,0,0,1,0,0,0,0,0,0
79002,0,0,0,0,1,0,0,0,0,0,0
79569,0,0,0,0,0,0,0,0,1,1,0
79575,0,0,0,0,0,0,0,0,1,1,0
79578,0,0,0,0,0,0,0,0,1,1,0
79609,0,0,0,0,1,0,0,0,0,0,0
79616,0,0,0,0,1,0,0,0,0,0,0
79617,0,0,0,0,1,0,0,0,0,0,0
79641,0,0,0,1,0,0,0,0,0,0,0
79741,0,0,0,0,0,0,0,1,0,0,0
79841,0,0,0,0,0,0,0,0,0,1,0
79900,1,0,0,0,0,0,0,0,0,0,0
79901,1,0,0,0,0,0,0,0,0,0,0
79902,1,0,0,0,0,0,0,0,0,0,0
79903,1,0,0,0,0,0,0,0,0,0,0
79904,1,0,0,0,0,0,0,0,0,0,0
79905,1,0,0,0,0,0,0,0,0,0,0
79906,1,0,0,0,0,0,0,0,0,0,0
79907,1,0,0,0,0,0,0,0,0,0,0
79908,1,0,0,0,0,0,0,0,0,0,0
79909,1,0,0,0,0,0,0,0,0,0,0
79910,1,0,0,0,0,0,0,0,0,0,0
79911,1,0,0,0,0,0,0,0,0,0,0
79912,1,0,0,0,0,0,0,0,0,0,0
79913,1,0,0,0,0,0,0,0,0,0,0
79914,1,0,0,0,0,0,0,0,0,0,0
79974,0,0,0,1,0,0,0,0,0,0,0
79975,0,0,0,1,0,0,0,0,0,0,0
79976,0,0,0,1,0,0,0,0,0,0,0
80016,0,0,1,0,0,0,0,0,0,0,0
80025,0,0,1,0,0,0,0,0,0,0,0
80076,0,1,1,0,0,0,0,0,0,0,0
80077,0,1,1,0,0,0,0,0,0,0,0
80078,0,1,1,0,0,0,0,0,0,0,0
80079,0,1,1,0,0,0,0,0,0,0,0
80080,0,1,1,0,0,0,0,0,0,0,0
80106,0,0,0,0,0,0,0,0,0,1,0
80229,0,0,1,0,0,0,0,0,0,0,1
80230,0,0,1,0,0,0,0,0,0,0,1
80231,0,0,1,0,0,0,0,0,0,0,1
80234,0,0,1,0,0,0,0,0,0,0,1
80287,0,0,0,0,1,0,0,0,0,0,0
80293,0,0,0,0,1,0,0,0,0,0,0
80294,0,0,0,0,1,0,0,0,0,0,0
80295,0,0,0,0,1,0,0,0,0,0,0
80433,0,0,1,0,0,0,0,0,0,0,0
80534,0,0,0,1,0,0,0,0,0,0,0
80611,0,0,0,1,0,0,0,0,0,0,0
80651,0,0,0,0,0,0,0,0,1,1,0
81016,0,0,0,1,0,0,0,0,0,0,0
81053,1,0,0,0,0,0,0,0,0,0,0
81054,1,0,0,0,0,0,0,0,0,0,0
81055,1,0,0,0,0,0,0,0,0,0,0
81056,1,0,0,0,0,0,0,0,0,0,0
81057,1,0,0,0,0,0,0,0,0,0,0
81058,1,0,0,0,0,0,0,0,0,0,0
81059,1,0,0,0,0,0,0,0,0,0,0
81060,1,0,0,0,0,0,0,0,0,0,0
81187,0,0,0,1,0,0,0,0,0,0,0
81190,0,0,0,1,0,0,0,0,0,0,0
81232,0,0,0,1,0,0,0,0,0,0,0
81358,0,0,0,1,0,0,0,0,0,0,0
81900,0,0,0,1,0,0,0,0,0,0,0
82031,0,0,0,1,0,0,0,0,0,0,0
82049,0,0,0,1,0,0,0,0,0,0,0
82065,1,0,0,0,0,0,0,0,0,0,0
82068,1,0,0,0,0,0,0,0,0,0,0
82071,1,0,0,0,0,0,0,0,0,0,0
82201,0,0,0,0,1,0,0,0,0,0,0
82221,0,0,0,0,1,0,0,0,0,0,0
82231,0,0,0,1,0,0,0,0,0,0,0
82242,0,0,0,1,0,0,0,0,0,0,0
82245,0,0,0,1,0,0,0,0,0,0,0
82411,0,0,0,1,0,0,0,0,0,0,0
82442,0,0,1,0,0,0,0,0,0,0,0
82502,0,0,0,0,1,0,0,0,0,0,0
82515,0,0,0,0,1,0,0,0,0,0,0
82519,0,0,0,0,1,0,0,0,0,0,0
82528,0,0,0,0,0,0,0,0,0,1,0
82529,0,0,0,0,0,0,0,0,0,1,0
82579,0,0,1,0,0,0,0,0,0,0,1
82582,0,0,1,0,0,0,0,0,0,0,1
82583,0,0,1,0,0,0,0,0,0,0,1
82649,0,0,1,0,0,0,0,0,0,0,0
82687,0,0,0,0,0,0,0,0,0,1,0
82702,0,0,1,0,0,0,0,0,0,0,1
82706,0,0,1,0,0,0,0,0,0,0,1
82708,0,0,1,0,0,0,0,0,0,0,1
82711,0,0,1,0,0,0,0,0,0,0,1
82712,0,0,1,0,0,0,0,0,0,0,1
82714,0,0,1,0,0,0,0,0,0,0,1
82778,0,0,0,0,1,0,0,0,0,0,0
82786,0,0,0,0,1,0,0,0,0,0,0
82883,0,0,0,1,0,0,0,0,0,0,0
82884,0,0,0,1,0,0,0,0,0,0,0
82886,0,0,0,1,0,0,0,0,0,0,0
82889,0,0,0,1,0,0,0,0,0,0,0
82890,0,0,0,1,0,0,0,0,0,0,0
83042,0,0,0,0,0,0,0,0,0,1,0
83060,0,0,1,0,0,0,0,0,0,0,0
83066,0,0,1,0,0,0,0,0,0,0,0
83196,0,0,0,1,0,0,0,0,0,0,0
83509,0,0,0,0,0,0,0,1,0,0,0
83511,0,0,0,0,0,0,0,1,0,0,0
83512,0,0,0,0,0,0,0,1,0,0,0
83513,0,0,0,0,0,0,0,1,0,0,0
83550,0,0,0,0,1,0,0,0,0,0,0
83562,0,0,0,0,1,0,0,0,0,0,0
83563,0,0,0,0,1,0,0,0,0,0,0
83629,0,0,0,0,0,0,0,0,1,1,0
83632,0,0,0,0,0,0,0,0,1,1,0
83633,0,0,0,0,0,0,0,0,1,1,0
83636,0,0,0,0,0,0,0,0,1,1,0
83708,0,0,0,0,1,0,0,0,0,0,0
83709,0,0,0,0,1,0,0,0,0,0,0
83710,0,0,0,0,1,0,0,0,0,0,0
83712,0,0,0,0,1,0,0,0,0,0,0
83715,0,0,0,0,1,0,0,0,0,0,0
83716,0,0,0,0,1,0,0,0,0,0,0
83717,0,0,0,0,1,0,0,0,0,0,0
83718,0,0,0,0,1,0,0,0,0,0,0
83783,0,0,0,0,1,0,0,0,0,0,0
83784,0,0,0,0,1,0,0,0,0,0,0
83789,0,0,0,0,0,1,0,0,1,1,0
83790,0,0,0,0,0,1,0,0,1,1,0
83791,0,0,0,0,0,1,0,0,1,1,0
83821,0,0,0,0,0,0,0,0,1,1,0
83825,0,0,0,0,0,0,0,0,1,1,0
83907,0,0,0,1,0,0,0,0,0,0,0
83911,0,0,0,1,0,0,0,0,0,0,0
83912,0,0,0,1,0,0,0,0,0,0,0
83949,0,0,0,1,0,0,0,0,0,0,0
83950,0,0,0,1,0,0,0,0,0,0,0
83954,0,0,0,1,0,0,0,0,0,0,0
83956,0,0,0,1,0,0,0,0,0,0,0
83958,0,0,0,1,0,0,0,0,0,0,0
83960,0,0,0,1,0,0,0,0,0,0,0
83961,0,0,0,1,0,0,0,0,0,0,0
84056,0,0,0,1,0,0,0,0,0,0,0
84058,0,0,0,1,0,0,0,0,0,0,0
84091,0,0,1,0,0,0,0,0,0,0,0
84108,0,0,0,0,1,0,0,0,0,0,0
84109,0,0,0,0,1,0,0,0,0,0,0
84136,0,0,0,1,0,0,0,0,0,0,0
84138,0,0,0,1,0,0,0,0,0,0,0
84140,0,0,0,1,0,0,0,0,0,0,0
84142,0,0,0,1,0,0,0,0,0,0,0
84143,0,0,0,1,0,0,0,0,0,0,0
84144,0,0,0,1,0,0,0,0,0,0,0
84152,0,0,0,1,0,0,0,0,0,0,0
84174,0,0,1,0,0,0,0,0,0,0,0
84324,0,0,0,1,0,0,0,0,0,0,0
84405,0,0,0,1,0,0,0,0,0,0,0
84414,0,0,0,1,0,0,0,0,0,0,0
84417,0,0,0,1,0,0,0,0,0,0,0
84516,0,0,0,0,1,0,0,0,0,0,0
84517,0,0,0,0,1,0,0,0,0,0,0
84520,0,0,0,0,1,0,0,0,0,0,0
84605,0,0,0,0,0,0,0,1,0,0,0
84743,0,0,0,0,0,1,0,0,1,1,0
84767,0,0,0,0,0,0,0,0,1,1,0
84777,0,0,1,0,0,0,0,0,0,0,1
84786,0,0,0,0,0,0,0,0,1,1,0
84791,1,0,0,0,0,0,0,0,0,0,0
84792,1,0,0,0,0,0,0,0,0,0,0
84793,1,0,0,0,0,0,0,0,0,0,0
84794,0,0,0,0,0,0,0,0,1,1,0
84817,0,0,0,0,0,0,0,1,0,0,0
84944,0,0,0,1,0,0,0,0,0,0,0
85308,0,0,0,0,0,0,0,1,0,0,0
85309,0,0,0,0,0,0,0,1,0,0,0
85310,0,0,0,0,0,0,0,1,0,0,0
85311,0,0,0,0,0,0,0,1,0,0,0
85400,0,0,0,1,0,0,0,0,0,0,0
85401,0,0,0,1,0,0,0,0,0,0,0
85415,0,0,0,1,0,0,0,0,0,0,0
85419,0,0,0,0,0,0,0,1,0,0,0
85420,0,0,0,0,0,0,0,1,0,0,0
85421,0,0,0,0,0,0,0,1,0,0,0
85422,0,0,0,0,0,0,0,1,0,0,0
85423,0,0,0,0,0,0,0,1,0,0,0
85424,0,0,0,0,0,0,0,1,0,0,0
85425,0,0,0,0,0,0,0,1,0,0,0
85426,0,0,0,0,0,0,0,1,0,0,0
85427,0,0,0,0,0,0,0,1,0,0,0
85428,0,0,0,0,0,0,0,1,0,0,0
85499,0,0,0,1,0,0,0,0,0,0,0
85592,0,0,0,0,0,0,0,1,0,0,0
85593,0,0,0,0,0,0,0,1,0,0,0
85594,0,0,0,0,0,0,0,1,0,0,0
85595,0,0,0,0,0,0,0,1,0,0,0
85596,0,0,0,0,0,0,0,1,0,0,0
85598,0,0,0,0,0,0,0,1,0,0,0
85599,0,0,0,0,0,0,0,1,0,0,0
85600,0,0,0,0,0,0,0,1,0,0,0
85698,0,0,0,0,0,0,0,0,0,1,0
85706,0,0,0,0,0,0,0,0,1,1,0
85836,0,0,1,0,0,0,0,0,0,0,0
85942,0,0,0,0,0,0,0,0,1,1,0
85948,0,0,0,0,0,0,0,0,1,1,0
85950,0,0,0,0,0,0,0,1,0,0,0
85951,0,0,0,0,0,0,0,1,0,0,0
85952,0,0,0,0,0,0,0,1,0,0,0
85953,0,0,0,0,0,0,0,1,0,0,0
85954,0,0,0,0,0,0,0,1,0,0,0
85955,0,0,0,0,0,0,0,1,0,0,0
85956,0,0,0,0,0,0,0,1,0,0,0
85957,0,0,0,0,0,0,0,1,0,0,0
86116,0,0,0,0,0,0,0,1,0,0,0
86119,0,0,0,0,0,0,0,1,0,0,0
86140,0,0,0,1,0,0,0,0,0,0,0
86217,0,0,0,1,0,0,0,0,0,0,0
86219,0,0,0,1,0,0,0,0,0,0,0
86254,0,0,0,1,0,0,0,0,0,0,0
86256,0,0,0,1,0,0,0,0,0,0,0
86257,0,0,0,1,0,0,0,0,0,0,0
86262,0,0,0,0,0,0,0,0,1,1,0
86263,0,0,0,0,0,0,0,0,1,1,0
86415,0,0,0,0,1,0,0,0,0,0,0
86419,0,0,0,0,0,1,0,0,0,1,0
86446,0,0,1,0,0,0,0,0,0,0,0
86454,0,1,1,0,0,0,0,0,0,0,0
86562,0,0,0,0,0,0,0,0,0,1,0
86577,0,0,0,1,0,0,0,0,0,0,0
86634,0,0,0,0,0,0,0,1,0,0,0
86679,0,0,0,0,1,0,0,0,0,0,0
86680,0,0,0,0,1,0,0,0,0,0,0
86715,0,0,0,1,0,0,0,0,0,0,0
86724,0,0,0,1,0,0,0,0,0,0,0
86726,0,0,0,1,0,0,0,0,0,0,0
86730,0,0,0,1,0,0,0,0,0,0,0
86788,0,0,0,0,0,1,0,0,0,1,0
86988,0,0,0,0,0,1,0,0,0,1,0
86989,0,0,0,0,0,1,0,0,0,1,0
86990,0,0,0,0,0,1,0,0,0,1,0
86992,0,0,0,0,0,1,0,0,0,1,0
86993,0,0,0,0,0,1,0,0,0,1,0
87030,0,0,0,0,0,0,0,0,1,1,0
87122,0,0,0,0,0,0,0,0,0,1,0
87137,0,0,0,1,0,0,0,0,0,0,0
87151,0,0,0,0,0,1,0,0,0,1,0
87152,0,0,0,0,0,1,0,0,0,1,0
87154,0,0,0,0,0,1,0,0,0,1,0
87157,0,0,1,0,0,0,0,0,0,0,1
87158,0,0,1,0,0,0,0,0,0,0,1
87159,0,0,1,0,0,0,0,0,0,0,1
87185,0,0,0,0,0,0,0,1,0,0,0
87186,0,0,0,0,0,0,0,1,0,0,0
87187,0,0,0,0,0,0,0,1,0,0,0
87188,0,0,0,0,0,0,0,1,0,0,0
87189,0,0,0,0,0,0,0,1,0,0,0
87190,0,0,0,0,0,0,0,1,0,0,0
87191,0,0,0,0,0,0,0,1,0,0,0
87192,0,0,0,0,0,0,0,1,0,0,0
87194,0,0,0,0,0,0,0,1,0,0,0
87221,0,0,1,0,0,0,0,0,0,0,0
87322,0,0,0,0,0,0,0,1,0,0,0
87324,0,0,0,0,0,0,0,1,0,0,0
87352,0,0,1,0,0,0,0,0,0,0,0
87377,0,0,1,0,0,0,0,0,0,0,0
87430,0,0,0,0,0,1,0,0,0,1,0
87431,0,0,0,0,0,1,0,0,0,1,0
87494,0,0,0,0,0,0,0,0,1,1,0
87515,0,0,0,0,0,0,0,0,0,1,0
87521,0,0,1,0,0,0,0,0,0,0,1
87696,0,0,0,0,0,0,0,0,1,1,0
87700,0,0,0,0,0,0,0,0,1,1,0
87704,0,0,0,0,0,0,0,0,1,1,0
88428,0,0,0,0,0,0,0,1,0,0,0
88429,0,0,0,0,0,0,0,1,0,0,0
88481,0,0,0,1,0,0,0,0,0,0,0
88483,0,0,0,1,0,0,0,0,0,0,0
88485,0,0,0,1,0,0,0,0,0,0,0
88815,0,0,0,1,0,0,0,0,0,0,0
88818,0,0,0,1,0,0,0,0,0,0,0
88824,0,0,0,1,0,0,0,0,0,0,0
88907,0,0,0,1,0,0,0,0,0,0,0
88925,0,0,0,0,0,0,0,0,1,1,0
89180,0,0,0,0,1,0,0,0,0,0,0
89212,0,0,0,1,0,0,0,0,0,0,0
89456,0,0,0,0,1,0,0,0,0,0,0
89466,0,0,1,0,0,0,0,0,0,0,0
89473,0,0,0,0,1,0,0,0,0,0,0
89616,0,0,0,1,0,0,0,0,0,0,0
89617,0,0,0,1,0,0,0,0,0,0,0
89623,0,0,0,0,1,0,0,0,0,0,0
89634,0,0,0,0,1,0,0,0,0,0,0
89635,0,0,0,0,1,0,0,0,0,0,0
89636,0,0,0,0,1,0,0,0,0,0,0
89814,0,1,1,0,0,0,0,0,0,0,1
89815,0,1,1,0,0,0,0,0,0,0,1
89816,0,1,1,0,0,0,0,0,0,0,1
89817,0,1,1,0,0,0,0,0,0,0,1
89847,0,0,0,0,1,0,0,0,0,0,0
89848,0,0,0,0,1,0,0,0,0,0,0
89860,0,0,0,0,1,0,0,0,0,0,0
89879,0,0,0,0,0,0,0,0,0,1,0
89881,0,0,0,0,0,0,0,0,0,1,0
89984,0,0,0,1,0,0,0,0,0,0,0
89992,0,0,0,1,0,0,0,0,0,0,0
90278,0,0,0,1,0,0,0,0,0,0,0
90404,0,0,0,0,0,1,0,0,1,1,0
90406,0,0,0,0,0,1,0,0,1,1,0
90408,0,0,0,0,0,1,0,0,1,1,0
90411,0,0,0,0,0,1,0,0,1,1,0
90570,0,0,0,0,0,0,0,1,0,0,0
90573,0,0,0,0,0,0,0,1,0,0,0
90577,0,0,0,0,0,0,0,1,0,0,0
90578,0,0,0,0,0,0,0,1,0,0,0
90579,0,0,0,0,0,0,0,1,0,0,0
90582,0,0,0,0,0,0,0,1,0,0,0
90584,0,0,0,0,0,0,0,1,0,0,0
90586,0,0,0,0,0,0,0,1,0,0,0
90587,0,0,0,0,0,0,0,1,0,0,0
90588,0,0,0,0,0,0,0,1,0,0,0
90589,0,0,0,0,0,0,0,1,0,0,0
90590,0,0,0,0,0,0,0,1,0,0,0
90649,0,0,0,0,0,1,0,0,1,1,0
90652,0,0,0,0,0,1,0,0,1,1,0
90690,0,0,0,0,0,1,0,0,1,1,0
90691,0,0,0,0,0,1,0,0,1,1,0
90692,0,0,0,0,0,1,0,0,1,1,0
90693,0,0,0,0,0,1,0,0,1,1,0
90694,0,0,0,0,0,1,0,0,1,1,0
90695,0,0,0,0,0,1,0,0,1,1,0
90772,0,0,0,0,0,0,0,0,1,1,0
90797,0,0,0,1,0,0,0,0,0,0,0
90799,0,0,0,1,0,0,0,0,0,0,0
90805,0,0,0,0,0,0,0,0,1,1,0
90824,0,0,0,0,0,0,0,1,0,0,0
90826,0,0,0,0,0,0,0,1,0,0,0
90827,0,0,0,0,0,0,0,1,0,0,0
90828,0,0,0,0,0,0,0,1,0,0,0
90977,0,0,0,0,0,0,0,0,1,1,0
90982,0,0,0,0,1,0,0,0,0,0,0
90984,0,0,0,0,1,0,0,0,0,0,0
90986,0,0,0,0,1,0,0,0,0,0,0
90987,0,0,0,0,1,0,0,0,0,0,0
91062,0,0,1,0,0,0,0,0,0,0,0
91084,0,0,1,0,0,0,0,0,0,0,0
91156,1,0,0,0,0,0,0,0,0,0,0
91157,0,0,0,0,0,0,0,1,0,0,0
91158,0,0,0,0,0,0,0,1,0,0,0
91160,0,0,0,0,0,0,0,1,0,0,0
91161,0,0,0,0,0,0,0,1,0,0,0
91162,0,0,0,0,0,0,0,1,0,0,0
91163,0,0,0,0,0,0,0,1,0,0,0
91164,0,0,0,0,0,0,0,1,0,0,0
91294,0,0,0,0,1,0,0,0,0,0,0
91295,0,0,0,0,1,0,0,0,0,0,0
91301,0,0,0,0,1,0,0,0,0,0,0
91303,0,0,0,0,1,0,0,0,0,0,0
91305,0,0,0,0,1,0,0,0,0,0,0
91312,0,0,0,0,1,0,0,0,0,0,0
91315,0,0,0,0,1,0,0,0,0,0,0
91317,0,0,0,0,1,0,0,0,0,0,0
91318,0,0,0,0,1,0,0,0,0,0,0
91348,0,0,0,0,0,0,0,1,0,0,0
91349,0,0,0,0,0,0,0,1,0,0,0
91357,0,0,0,0,0,1,0,0,0,1,0
91417,0,0,0,0,0,0,0,0,1,1,0
91441,0,0,0,0,0,0,0,0,0,1,0
91458,0,0,0,0,0,0,0,0,1,1,0
91468,0,0,0,0,0,0,0,1,0,0,0
91469,0,0,0,0,0,0,0,1,0,0,0
91470,0,0,0,0,0,0,0,1,0,0,0
91471,0,0,0,0,0,0,0,1,0,0,0
91623,0,0,1,0,0,0,0,0,0,0,0
91711,0,0,0,0,0,0,0,0,1,1,0
91758,0,0,0,0,0,0,0,0,1,1,0
91844,0,0,0,0,0,0,0,0,1,1,0
91852,0,0,1,0,0,0,0,0,0,0,0
91865,0,0,0,0,0,0,0,0,1,1,0
91897,0,0,0,1,0,0,0,0,0,0,0
91898,0,0,0,1,0,0,0,0,0,0,0
91900,0,0,0,1,0,0,0,0,0,0,0
91982,0,0,1,0,0,0,0,0,0,0,1
91984,0,0,1,0,0,0,0,0,0,0,1
91987,0,0,1,0,0,0,0,0,0,0,1
92124,0,0,0,0,0,0,0,1,0,0,0
92129,0,0,0,0,0,0,0,1,0,0,0
92130,0,0,0,0,0,0,0,1,0,0,0
92283,0,0,1,0,0,0,0,0,0,0,0
92429,0,0,1,0,0,0,0,0,0,0,1
92431,0,0,1,0,0,0,0,0,0,0,1
92462,0,0,1,0,0,0,0,0,0,0,1
92464,0,0,1,0,0,0,0,0,0,0,1
92466,0,0,1,0,0,0,0,0,0,0,1
92504,0,0,0,0,0,0,0,0,1,1,0
92546,0,1,1,0,0,0,0,0,0,0,0
92549,0,1,1,0,0,0,0,0,0,0,0
92551,0,1,1,0,0,0,0,0,0,0,0
92552,0,0,1,0,0,0,0,0,0,0,1
92554,0,1,1,0,0,0,0,0,0,0,0
92557,0,1,1,0,0,0,0,0,0,0,0
92558,0,1,1,0,0,0,0,0,0,0,0
92561,0,1,1,0,0,0,0,0,0,0,0
92562,0,1,1,0,0,0,0,0,0,0,0
92564,0,1,1,0,0,0,0,0,0,0,0
92566,0,0,0,1,0,0,0,0,0,0,0
92567,0,0,0,1,0,0,0,0,0,0,0
92574,0,0,0,1,0,0,0,0,0,0,0
92872,0,0,0,1,0,0,0,0,0,0,0
92873,0,0,0,1,0,0,0,0,0,0,0
92876,0,0,0,1,0,0,0,0,0,0,0
92877,0,0,0,1,0,0,0,0,0,0,0
92878,0,0,0,1,0,0,0,0,0,0,0
92881,0,0,0,1,0,0,0,0,0,0,0
92884,0,0,0,1,0,0,0,0,0,0,0
92887,0,0,0,1,0,0,0,0,0,0,0
92888,0,0,0,1,0,0,0,0,0,0,0
92889,0,0,0,1,0,0,0,0,0,0,0
93059,0,0,0,0,0,0,0,0,1,1,0
93392,0,0,0,0,0,0,0,0,0,1,0
93430,0,0,0,0,0,0,0,0,1,1,0
93599,0,0,0,0,0,0,0,0,1,1,0
93604,0,0,0,0,0,0,0,0,0,1,0
93721,0,1,1,0,0,0,0,0,0,0,1
93722,0,1,1,0,0,0,0,0,0,0,1
93723,0,1,1,0,0,0,0,0,0,0,1
93725,0,1,1,0,0,0,0,0,0,0,1
93727,0,1,1,0,0,0,0,0,0,0,1
93867,0,0,0,0,0,0,0,0,0,1,0
93942,0,0,0,0,0,0,0,1,0,0,0
93943,0,0,0,0,0,0,0,1,0,0,0
93944,0,0,0,0,0,0,0,1,0,0,0
93955,0,0,0,0,0,0,0,0,0,1,0
93992,0,0,0,0,0,0,0,0,1,1,0
94065,0,0,0,0,0,0,0,0,1,1,0
94097,0,0,0,0,0,0,0,0,1,1,0
94196,0,0,1,0,0,0,0,0,0,0,0
94237,0,0,0,0,1,0,0,0,0,0,0
94338,0,0,0,0,0,0,0,0,1,1,0
94423,0,0,0,0,0,0,0,1,0,0,0
94449,0,0,0,0,1,0,0,0,0,0,0
94450,0,0,0,0,1,0,0,0,0,0,0
94451,0,0,0,0,1,0,0,0,0,0,0
94460,0,0,0,0,1,0,0,0,0,0,0
94463,0,0,0,0,1,0,0,0,0,0,0
94464,0,0,0,0,1,0,0,0,0,0,0
94466,0,0,0,0,1,0,0,0,0,0,0
94467,0,0,0,0,1,0,0,0,0,0,0
94468,0,0,0,0,1,0,0,0,0,0,0
94628,0,0,0,0,0,0,0,1,0,0,0
94629,0,0,0,0,0,0,0,1,0,0,0
94630,0,0,0,0,0,0,0,1,0,0,0
94631,0,0,0,0,0,0,0,1,0,0,0
94632,0,0,0,0,0,0,0,1,0,0,0
94633,0,0,0,0,0,0,0,1,0,0,0
94634,0,0,0,0,0,0,0,1,0,0,0
94635,0,0,0,0,0,0,0,1,0,0,0
94638,0,0,0,0,0,0,0,1,0,0,0
94771,0,0,0,1,0,0,0,0,0,0,0
95171,0,0,1,0,0,0,0,0,0,0,1
95172,0,0,1,0,0,0,0,0,0,0,1
95173,0,0,1,0,0,0,0,0,0,0,1
95175,0,0,1,0,0,0,0,0,0,0,1
95176,0,0,1,0,0,0,0,0,0,0,1
95189,0,0,0,1,0,0,0,0,0,0,0
95193,0,0,0,1,0,0,0,0,0,0,0
95200,0,0,1,0,0,0,0,0,0,0,0
95232,0,0,0,0,0,0,0,0,1,1,0
95244,0,0,0,0,0,0,0,0,1,1,0
95248,0,0,0,0,0,0,0,0,1,1,0
95475,0,0,0,0,0,0,0,1,0,0,0
95486,0,0,0,0,0,0,0,1,0,0,0
95506,0,0,0,0,0,0,0,0,0,1,0
95549,0,0,0,1,0,0,0,0,0,0,0
95553,0,0,0,1,0,0,0,0,0,0,0
95673,0,0,0,0,0,0,0,0,1,1,0
95679,0,0,0,0,0,0,0,0,1,1,0
95753,0,0,0,1,0,0,0,0,0,0,0
95761,0,0,0,1,0,0,0,0,0,0,0
95909,0,0,0,0,1,0,0,0,0,0,0
95911,0,0,0,0,1,0,0,0,0,0,0
95912,0,0,0,0,1,0,0,0,0,0,0
95914,0,0,0,0,1,0,0,0,0,0,0
96100,0,0,1,0,0,0,0,0,0,0,0
96401,0,0,0,0,0,1,0,0,0,1,0
96402,0,0,0,0,0,1,0,0,0,1,0
96403,0,0,0,0,0,1,0,0,0,1,0
96654,0,0,0,0,1,0,0,0,0,0,0
96657,0,0,0,0,1,0,0,0,0,0,0
96659,0,0,0,0,1,0,0,0,0,0,0
96661,0,0,0,0,1,0,0,0,0,0,0
96663,0,0,0,0,1,0,0,0,0,0,0
96669,0,0,0,0,1,0,0,0,0,0,0
96673,0,0,0,0,1,0,0,0,0,0,0
96674,0,0,0,0,1,0,0,0,0,0,0
96675,0,0,0,0,1,0,0,0,0,0,0
96677,0,0,0,0,1,0,0,0,0,0,0
96678,0,0,0,0,1,0,0,0,0,0,0
96709,0,0,0,0,0,1,0,0,1,1,0
96710,0,0,0,0,0,1,0,0,1,1,0
96711,0,0,0,0,0,1,0,0,1,1,0
96712,0,0,0,0,0,1,0,0,1,1,0
96713,0,0,0,0,0,1,0,0,1,1,0
96714,0,0,0,0,0,1,0,0,1,1,0
96715,0,0,0,0,0,1,0,0,1,1,0
96716,0,0,0,0,0,1,0,0,1,1,0
96717,0,0,0,0,0,1,0,0,1,1,0
96718,0,0,0,0,0,1,0,0,1,1,0
96898,0,0,0,1,0,0,0,0,0,0,0
96900,0,0,0,1,0,0,0,0,0,0,0
96944,0,0,0,0,0,0,0,1,0,0,0
96945,0,0,0,0,0,0,0,1,0,0,0
96946,0,0,0,0,0,0,0,1,0,0,0
97037,0,0,0,0,1,0,0,0,0,0,0
97041,0,0,0,0,1,0,0,0,0,0,0
97053,0,0,0,1,0,0,0,0,0,0,0
97309,0,0,0,1,0,0,0,0,0,0,0
97334,0,0,0,1,0,0,0,0,0,0,0
97406,0,0,0,1,0,0,0,0,0,0,0
97407,0,0,0,1,0,0,0,0,0,0,0
97547,0,1,1,0,0,0,0,0,0,0,1
97548,0,1,1,0,0,0,0,0,0,0,1
97568,0,0,0,0,1,0,0,0,0,0,0
97570,0,0,0,0,1,0,0,0,0,0,0
97691,0,0,0,0,1,0,0,0,0,0,0
97692,0,0,0,0,1,0,0,0,0,0,0
97769,0,0,0,1,0,0,0,0,0,0,0
97773,0,0,0,1,0,0,0,0,0,0,0
97794,0,0,0,1,0,0,0,0,0,0,0
97814,0,0,0,1,0,0,0,0,0,0,0
97839,0,0,0,1,0,0,0,0,0,0,0
97843,0,0,0,1,0,0,0,0,0,0,0
97879,0,0,1,0,0,0,0,0,0,0,0
97884,0,0,0,0,0,0,0,0,1,1,0
97911,0,0,1,0,0,0,0,0,0,0,0
97958,0,0,1,0,0,0,0,0,0,0,0
97966,0,0,1,0,0,0,0,0,0,0,0
97967,0,0,1,0,0,0,0,0,0,0,0
97979,0,0,0,0,1,0,0,0,0,0,0
97981,0,0,0,0,1,0,0,0,0,0,0
97982,0,0,0,0,1,0,0,0,0,0,0
97989,0,0,0,0,1,0,0,0,0,0,0
97991,0,0,1,0,0,0,0,0,0,0,0
98200,0,0,0,1,0,0,0,0,0,0,0
98202,0,1,1,0,0,0,0,0,0,0,1
98203,0,1,1,0,0,0,0,0,0,0,1
98204,0,1,1,0,0,0,0,0,0,0,1
98205,0,1,1,0,0,0,0,0,0,0,1
98206,0,1,1,0,0,0,0,0,0,0,1
98220,0,0,0,0,0,0,0,0,0,1,0
98239,0,0,0,0,0,0,0,0,1,1,0
98530,0,0,0,1,0,0,0,0,0,0,0
98548,0,0,0,0,1,0,0,0,0,0,0
98551,0,0,0,0,1,0,0,0,0,0,0
98553,0,0,0,0,1,0,0,0,0,0,0
98554,0,0,0,0,1,0,0,0,0,0,0
98573,0,0,0,0,1,0,0,0,0,0,0
98574,0,0,0,0,1,0,0,0,0,0,0
98575,0,0,0,0,1,0,0,0,0,0,0
98582,0,0,0,0,1,0,0,0,0,0,0
98583,0,0,0,0,1,0,0,0,0,0,0
98584,0,0,0,0,1,0,0,0,0,0,0
98585,0,0,0,0,1,0,0,0,0,0,0
98614,0,0,0,0,1,0,0,0,0,0,0
98615,0,0,0,0,1,0,0,0,0,0,0
98616,0,0,0,0,1,0,0,0,0,0,0
98622,0,0,0,0,1,0,0,0,0,0,0
98627,0,0,0,0,1,0,0,0,0,0,0
98702,0,0,0,0,0,0,0,0,1,1,0
98796,0,0,0,0,0,0,0,0,1,1,0
98798,0,0,0,0,0,0,0,0,1,1,0
98805,0,0,0,0,0,0,0,0,1,1,0
98922,0,0,1,0,0,0,0,0,0,0,0
98940,0,0,1,0,0,0,0,0,0,0,0
99025,0,0,1,0,0,0,0,0,0,0,0
99069,0,0,0,0,1,0,0,0,0,0,0
99075,0,0,0,0,1,0,0,0,0,0,0
99079,0,0,0,0,1,0,0,0,0,0,0
99087,0,0,0,0,1,0,0,0,0,0,0
99095,0,0,0,0,1,0,0,0,0,0,0
99096,0,0,0,0,1,0,0,0,0,0,0
99131,0,1,1,0,0,0,0,0,0,0,0
99132,0,1,1,0,0,0,0,0,0,0,0
99133,0,1,1,0,0,0,0,0,0,0,0
99135,0,1,1,0,0,0,0,0,0,0,0
99144,0,0,0,0,0,0,0,0,1,1,0
99151,0,0,0,0,0,0,0,0,1,1,0
99158,0,0,0,0,0,0,0,0,1,1,0
99178,0,0,0,0,0,0,0,0,1,1,0
99214,0,0,0,1,0,0,0,0,0,0,0
99274,0,0,0,1,0,0,0,0,0,0,0
99345,0,0,0,0,0,1,0,0,0,1,0
99415,0,0,0,0,0,0,0,0,1,1,0
99417,0,0,0,0,0,0,0,0,1,1,0
99489,0,0,1,0,0,0,0,0,0,0,0
99496,0,0,0,0,1,0,0,0,0,0,0
99498,0,0,0,0,1,0,0,0,0,0,0
99499,0,0,0,0,1,0,0,0,0,0,0
99536,0,0,1,0,0,0,0,0,0,0,0
99648,0,0,1,0,0,0,0,0,0,0,0
99703,0,1,1,0,0,0,0,0,0,0,1
99704,0,1,1,0,0,0,0,0,0,0,1
99707,0,1,1,0,0,0,0,0,0,0,1
100473,0,0,0,0,1,0,0,0,0,0,0
100478,0,0,0,0,1,0,0,0,0,0,0
100480,0,0,0,0,1,0,0,0,0,0,0
100547,0,0,1,0,0,0,0,0,0,0,0
100549,0,0,1,0,0,0,0,0,0,0,0
100920,0,0,0,0,1,0,0,0,0,0,0
100921,0,0,0,0,1,0,0,0,0,0,0
100922,0,0,0,0,1,0,0,0,0,0,0
100924,0,0,0,0,1,0,0,0,0,0,0
101067,0,0,0,0,0,1,0,0,1,1,0
101068,0,0,0,0,0,1,0,0,1,1,0
101069,0,0,0,0,0,1,0,0,1,1,0
101070,0,0,0,0,0,1,0,0,1,1,0
101086,0,0,0,0,0,1,0,0,1,1,0
101088,0,0,0,0,0,1,0,0,1,1,0
101089,0,0,0,0,0,1,0,0,1,1,0
101093,0,0,0,0,0,1,0,0,1,1,0
101095,0,0,0,0,0,1,0,0,1,1,0
101402,0,1,1,0,0,0,0,0,0,0,0
101406,0,1,1,0,0,0,0,0,0,0,0
101410,0,1,1,0,0,0,0,0,0,0,0
101412,0,1,1,0,0,0,0,0,0,0,0
101860,0,0,0,1,0,0,0,0,0,0,0
101868,0,0,0,1,0,0,0,0,0,0,0
102092,0,0,0,1,0,0,0,0,0,0,0
102110,0,0,0,1,0,0,0,0,0,0,0
102111,0,0,0,1,0,0,0,0,0,0,0
102133,0,0,0,1,0,0,0,0,0,0,0
102204,0,0,1,0,0,0,0,0,0,0,0
103785,0,0,0,0,1,0,0,0,0,0,0
103787,0,0,0,0,1,0,0,0,0,0,0
103788,0,0,0,0,1,0,0,0,0,0,0
103799,0,0,0,0,1,0,0,0,0,0,0
103803,0,0,0,0,1,0,0,0,0,0,0
103804,0,0,0,0,1,0,0,0,0,0,0
103806,0,0,0,0,1,0,0,0,0,0,0
103808,0,0,0,0,1,0,0,0,0,0,0
103828,0,0,0,1,0,0,0,0,0,0,0
104065,0,0,0,0,0,0,0,1,0,0,0
104066,0,0,0,0,0,0,0,1,0,0,0
104067,0,0,0,0,0,0,0,1,0,0,0
104068,0,0,0,0,0,0,0,1,0,0,0
104137,0,0,0,0,0,0,0,0,0,1,0
104228,0,0,0,0,0,0,0,0,0,1,0
104279,0,0,1,0,0,0,0,0,0,0,0
104282,0,1,1,0,0,0,0,0,0,0,0
104283,0,1,1,0,0,0,0,0,0,0,0
104430,0,0,1,0,0,0,0,0,0,0,0
104434,0,0,0,1,0,0,0,0,0,0,0
104621,0,0,0,1,0,0,0,0,0,0,0
104622,0,0,0,1,0,0,0,0,0,0,0
104624,0,0,0,1,0,0,0,0,0,0,0
104688,0,0,0,0,0,0,0,0,1,1,0
104719,0,0,0,1,0,0,0,0,0,0,0
104722,0,0,0,1,0,0,0,0,0,0,0
104724,0,0,0,1,0,0,0,0,0,0,0
104766,0,0,0,1,0,0,0,0,0,0,0
104770,0,0,0,1,0,0,0,0,0,0,0
104779,0,0,0,0,0,0,0,1,0,0,0
104780,0,0,0,0,0,0,0,1,0,0,0
105020,0,0,0,1,0,0,0,0,0,0,0
105027,0,0,0,1,0,0,0,0,0,0,0
105099,0,0,0,0,0,0,0,0,1,1,0
105100,0,0,0,0,0,0,0,0,1,1,0
105116,0,0,0,0,0,0,0,0,1,1,0
105119,0,0,0,0,0,0,0,0,1,1,0
105141,0,0,0,0,0,1,0,0,0,1,0
105142,0,0,0,0,0,1,0,0,0,1,0
105143,0,0,0,0,0,1,0,0,0,1,0
105144,0,0,0,0,0,1,0,0,0,1,0
105145,0,0,0,0,0,1,0,0,0,1,0
105428,0,0,0,0,1,0,0,0,0,0,0
105434,0,0,0,0,1,0,0,0,0,0,0
105438,0,0,0,0,1,0,0,0,0,0,0
105444,0,0,0,0,1,0,0,0,0,0,0
105446,0,0,0,0,1,0,0,0,0,0,0
105449,0,0,0,0,1,0,0,0,0,0,0
105523,0,0,0,1,0,0,0,0,0,0,0
105683,0,0,0,0,1,0,0,0,0,0,0
105719,0,0,0,1,0,0,0,0,0,0,0
105721,0,0,0,1,0,0,0,0,0,0,0
105816,0,0,0,1,0,0,0,0,0,0,0
105824,0,0,0,0,1,0,0,0,0,0,0
105826,0,0,0,0,1,0,0,0,0,0,0
105869,0,0,0,1,0,0,0,0,0,0,0
105906,0,0,0,0,0,0,0,0,1,1,0
105960,0,0,0,0,0,0,0,0,1,1,0
106199,0,0,0,0,0,1,0,0,1,1,0
106332,0,0,0,1,0,0,0,0,0,0,0
106459,0,0,0,0,0,0,0,0,1,1,0
106696,0,0,0,0,1,0,0,0,0,0,0
106700,0,0,0,0,1,0,0,0,0,0,0
106701,0,0,0,0,1,0,0,0,0,0,0
106770,0,0,1,0,0,0,0,0,0,0,1
106771,0,0,1,0,0,0,0,0,0,0,1
106773,0,0,1,0,0,0,0,0,0,0,1
106869,0,0,0,0,0,0,0,0,1,1,0
106874,0,0,0,0,0,0,0,0,1,1,0
106953,0,0,0,0,0,1,0,0,0,1,0
106954,0,0,0,0,0,1,0,0,0,1,0
106955,0,0,0,0,0,1,0,0,0,1,0
106956,0,0,0,0,0,1,0,0,0,1,0
107021,0,0,0,0,1,0,0,0,0,0,0
107022,0,0,0,0,1,0,0,0,0,0,0
107024,0,0,0,0,1,0,0,0,0,0,0
107026,0,0,0,0,1,0,0,0,0,0,0
107029,0,0,0,0,1,0,0,0,0,0,0
107043,0,0,1,0,0,0,0,0,0,0,0
107045,0,0,1,0,0,0,0,0,0,0,0
107047,0,0,0,0,0,0,0,1,0,0,0
107048,0,0,0,0,0,0,0,1,0,0,0
107049,0,0,0,0,0,0,0,1,0,0,0
107050,0,0,0,0,0,0,0,1,0,0,0
107084,0,0,0,0,0,0,0,0,0,1,0
107100,0,0,0,0,0,0,0,0,1,1,0
107103,0,0,0,0,0,0,0,0,1,1,0
107104,0,0,0,0,0,0,0,0,1,1,0
107119,0,0,1,0,0,0,0,0,0,0,0
107206,0,0,0,0,0,0,0,0,0,1,0
107356,0,0,0,0,0,0,0,0,1,1,0
107384,0,0,0,0,0,1,0,0,1,1,0
107385,0,0,0,0,0,1,0,0,1,1,0
107386,0,0,0,0,0,1,0,0,1,1,0
107387,0,0,0,0,0,1,0,0,1,1,0
107388,0,0,0,0,0,1,0,0,1,1,0
107389,0,0,0,0,0,1,0,0,1,1,0
107390,0,0,0,0,0,1,0,0,1,1,0
107391,0,0,0,0,0,1,0,0,1,1,0
107483,0,0,1,0,0,0,0,0,0,0,0
107500,0,0,0,0,0,0,0,0,1,1,0
107503,0,0,0,0,0,0,0,0,1,1,0
107504,0,0,0,0,0,0,0,0,1,1,0
107508,1,0,0,0,0,0,0,0,0,0,0
107509,1,0,0,0,0,0,0,0,0,0,0
107510,1,0,0,0,0,0,0,0,0,0,0
107511,1,0,0,0,0,0,0,0,0,0,0
107512,1,0,0,0,0,0,0,0,0,0,0
107514,1,0,0,0,0,0,0,0,0,0,0
107802,0,0,0,0,1,0,0,0,0,0,0
107805,0,0,0,0,0,1,0,0,0,1,0
107810,0,0,0,0,0,0,0,1,0,0,0
107831,0,0,0,0,1,0,0,0,0,0,0
107842,0,0,0,0,1,0,0,0,0,0,0
107843,0,0,0,0,1,0,0,0,0,0,0
107844,0,0,0,0,1,0,0,0,0,0,0
107846,0,0,0,0,1,0,0,0,0,0,0
107847,0,0,0,0,1,0,0,0,0,0,0
107849,0,0,0,0,1,0,0,0,0,0,0
107856,0,0,0,1,0,0,0,0,0,0,0
108037,0,0,0,0,0,1,0,0,0,1,0
108047,0,0,0,1,0,0,0,0,0,0,0
108048,0,0,0,1,0,0,0,0,0,0,0
108049,0,0,0,1,0,0,0,0,0,0,0
108050,0,0,0,1,0,0,0,0,0,0,0
108053,0,0,0,1,0,0,0,0,0,0,0
108058,0,0,0,1,0,0,0,0,0,0,0
108060,0,0,0,1,0,0,0,0,0,0,0
108152,0,0,0,0,0,0,0,0,1,1,0
108215,0,0,1,0,0,0,0,0,0,0,1
108217,0,0,1,0,0,0,0,0,0,0,1
108219,0,0,1,0,0,0,0,0,0,0,1
108222,0,0,1,0,0,0,0,0,0,0,0
108227,0,1,1,0,0,0,0,0,0,0,0
108228,0,1,1,0,0,0,0,0,0,0,0
108229,0,1,1,0,0,0,0,0,0,0,0
108230,0,1,1,0,0,0,0,0,0,0,0
108316,0,0,0,1,0,0,0,0,0,0,0
108318,0,0,0,1,0,0,0,0,0,0,0
108319,0,0,0,1,0,0,0,0,0,0,0
108415,0,0,1,0,0,0,0,0,0,0,1
108420,0,0,1,0,0,0,0,0,0,0,1
108425,0,0,0,0,0,0,0,1,0,0,0
108426,0,0,0,0,0,0,0,1,0,0,0
108427,0,0,0,0,0,0,0,1,0,0,0
108428,0,0,0,0,0,0,0,1,0,0,0
108429,0,0,0,0,0,0,0,1,0,0,0
108441,0,0,0,0,1,0,0,0,0,0,0
108452,0,0,0,0,1,0,0,0,0,0,0
108453,0,0,0,0,1,0,0,0,0,0,0
108455,0,0,0,0,1,0,0,0,0,0,0
108456,0,0,0,0,0,0,0,1,0,0,0
108457,0,0,0,0,0,0,0,1,0,0,0
108459,0,0,0,0,0,0,0,1,0,0,0
108460,0,0,0,0,0,0,0,1,0,0,0
108461,0,0,0,0,0,0,0,1,0,0,0
108488,0,0,0,0,1,0,0,0,0,0,0
108491,0,0,0,0,1,0,0,0,0,0,0
108493,0,0,0,0,1,0,0,0,0,0,0
108498,0,0,0,0,1,0,0,0,0,0,0
108499,0,0,0,0,1,0,0,0,0,0,0
108501,0,0,0,0,1,0,0,0,0,0,0
108524,0,0,1,0,0,0,0,0,0,0,1
108525,0,0,1,0,0,0,0,0,0,0,1
108527,0,0,1,0,0,0,0,0,0,0,1
108528,0,0,1,0,0,0,0,0,0,0,1
108529,0,0,1,0,0,0,0,0,0,0,1
108530,0,0,1,0,0,0,0,0,0,0,1
108533,0,0,1,0,0,0,0,0,0,0,1
108758,0,0,0,0,1,0,0,0,0,0,0
108760,0,0,0,0,1,0,0,0,0,0,0
108762,0,0,0,0,1,0,0,0,0,0,0
108764,0,0,0,0,1,0,0,0,0,0,0
108765,0,0,0,0,1,0,0,0,0,0,0
108771,0,0,0,0,1,0,0,0,0,0,0
108773,0,0,0,0,1,0,0,0,0,0,0
108775,0,0,0,0,1,0,0,0,0,0,0
108792,0,0,0,0,1,0,0,0,0,0,0
108798,0,0,0,0,1,0,0,0,0,0,0
108799,0,0,0,0,1,0,0,0,0,0,0
108802,0,0,0,0,1,0,0,0,0,0,0
108803,0,0,0,0,1,0,0,0,0,0,0
108804,0,0,0,0,1,0,0,0,0,0,0
108806,0,0,0,0,1,0,0,0,0,0,0
108809,0,0,0,0,1,0,0,0,0,0,0
108810,0,0,0,0,1,0,0,0,0,0,0
108812,0,0,0,0,1,0,0,0,0,0,0
108839,0,0,0,0,1,0,0,0,0,0,0
108840,0,0,0,0,1,0,0,0,0,0,0
108841,0,0,0,0,1,0,0,0,0,0,0
108842,0,0,0,0,1,0,0,0,0,0,0
108843,0,0,0,0,1,0,0,0,0,0,0
108845,0,0,0,0,1,0,0,0,0,0,0
108846,0,0,0,0,1,0,0,0,0,0,0
108950,0,0,1,0,0,0,0,0,0,0,0
108953,0,0,0,0,0,0,0,0,0,1,0
108963,0,0,0,0,0,0,0,0,1,1,0
108991,0,0,0,0,0,0,0,0,0,1,0
109063,0,0,0,1,0,0,0,0,0,0,0
109064,0,0,0,1,0,0,0,0,0,0,0
109068,0,0,0,1,0,0,0,0,0,0,0
109072,0,0,0,1,0,0,0,0,0,0,0
109078,0,0,0,0,0,0,0,0,0,1,0
109094,0,0,1,0,0,0,0,0,0,0,0
109112,0,0,0,1,0,0,0,0,0,0,0
109144,0,0,0,1,0,0,0,0,0,0,0
109240,0,0,0,0,0,0,0,0,1,1,0
109276,0,0,0,1,0,0,0,0,0,0,0
109482,0,0,0,0,0,0,0,0,1,1,0
109498,0,0,0,0,0,0,0,0,1,1,0
109548,0,0,0,1,0,0,0,0,0,0,0
109551,0,0,0,1,0,0,0,0,0,0,0
109646,0,0,0,1,0,0,0,0,0,0,0
109659,0,0,0,0,1,0,0,0,0,0,0
109665,0,0,0,0,1,0,0,0,0,0,0
109669,0,0,0,0,1,0,0,0,0,0,0
109681,0,0,0,0,1,0,0,0,0,0,0
109683,0,0,0,0,1,0,0,0,0,0,0
109684,0,0,0,0,1,0,0,0,0,0,0
109685,0,0,0,0,1,0,0,0,0,0,0
109686,0,0,0,0,1,0,0,0,0,0,0
109687,0,0,0,0,1,0,0,0,0,0,0
109705,0,0,0,1,0,0,0,0,0,0,0
109711,0,0,0,1,0,0,0,0,0,0,0
109712,0,0,0,1,0,0,0,0,0,0,0
109723,0,0,0,0,1,0,0,0,0,0,0
109731,0,0,0,0,1,0,0,0,0,0,0
109874,0,0,0,1,0,0,0,0,0,0,0
109957,0,0,0,0,0,0,0,1,0,0,0
109960,0,0,0,0,0,0,0,1,0,0,0
109962,0,0,0,0,0,0,0,1,0,0,0
109963,0,0,0,0,0,0,0,1,0,0,0
109971,0,0,0,0,0,0,0,1,0,0,0
109972,0,0,0,0,0,0,0,1,0,0,0
109973,0,0,0,0,0,0,0,1,0,0,0
109974,0,0,0,0,0,0,0,1,0,0,0
109975,0,0,0,0,0,0,0,1,0,0,0
109976,0,0,0,0,0,0,0,1,0,0,0
109977,0,0,0,0,0,0,0,1,0,0,0
109978,0,0,0,0,0,0,0,1,0,0,0
110070,0,0,0,0,1,0,0,0,0,0,0
110075,0,0,0,0,1,0,0,0,0,0,0
110077,0,0,0,0,1,0,0,0,0,0,0
110079,0,0,0,0,1,0,0,0,0,0,0
110080,0,0,0,0,1,0,0,0,0,0,0
110082,0,0,0,0,1,0,0,0,0,0,0
110083,0,0,0,0,1,0,0,0,0,0,0
110085,0,0,0,0,1,0,0,0,0,0,0
110160,0,0,0,0,0,0,0,0,1,1,0
110163,0,0,0,0,0,0,0,0,1,1,0
110165,0,0,0,0,0,0,0,0,1,1,0
110204,0,0,0,1,0,0,0,0,0,0,0
110207,0,0,0,1,0,0,0,0,0,0,0
110208,0,0,0,1,0,0,0,0,0,0,0
110232,0,0,0,1,0,0,0,0,0,0,0
110262,0,0,0,0,1,0,0,0,0,0,0
110266,0,0,0,0,1,0,0,0,0,0,0
110404,0,0,1,0,0,0,0,0,0,0,0
110424,0,0,0,0,0,0,0,0,1,1,0
110623,0,0,0,1,0,0,0,0,0,0,0
110627,0,0,0,1,0,0,0,0,0,0,0
110684,0,0,0,1,0,0,0,0,0,0,0
110710,0,0,0,1,0,0,0,0,0,0,0
110711,0,0,0,1,0,0,0,0,0,0,0
110718,0,0,0,0,1,0,0,0,0,0,0
110727,0,0,0,0,1,0,0,0,0,0,0
110728,0,0,0,0,1,0,0,0,0,0,0
110729,0,0,0,0,1,0,0,0,0,0,0
110735,0,0,0,0,1,0,0,0,0,0,0
110743,0,0,0,0,1,0,0,0,0,0,0
110744,0,0,0,0,1,0,0,0,0,0,0
110760,0,0,0,0,1,0,0,0,0,0,0
110761,0,0,0,0,1,0,0,0,0,0,0
110762,0,0,0,0,1,0,0,0,0,0,0
110769,0,0,0,0,1,0,0,0,0,0,0
110771,0,0,0,0,1,0,0,0,0,0,0
110773,0,0,0,0,1,0,0,0,0,0,0
110774,0,0,0,0,1,0,0,0,0,0,0
110776,0,0,0,0,1,0,0,0,0,0,0
110777,0,0,0,0,1,0,0,0,0,0,0
110778,0,0,0,0,1,0,0,0,0,0,0
111210,0,0,0,0,0,0,0,0,0,1,0
111216,0,0,0,1,0,0,0,0,0,0,0
111217,0,0,0,1,0,0,0,0,0,0,0
111219,0,0,0,1,0,0,0,0,0,0,0
111238,0,0,0,1,0,0,0,0,0,0,0
111367,0,0,0,0,0,0,0,1,0,0,0
111368,0,0,0,0,0,0,0,1,0,0,0
111371,0,0,0,0,0,0,0,1,0,0,0
111372,0,0,0,0,0,0,0,1,0,0,0
111374,0,0,0,0,0,0,0,1,0,0,0
111375,0,0,0,0,0,0,0,1,0,0,0
111376,0,0,0,0,0,0,0,1,0,0,0
111377,0,0,0,0,0,0,0,1,0,0,0
111379,0,0,0,0,0,0,0,1,0,0,0
111380,0,0,0,0,0,0,0,1,0,0,0
111381,0,0,0,0,0,0,0,1,0,0,0
111382,0,0,0,0,0,0,0,1,0,0,0
111383,0,0,0,0,0,0,0,1,0,0,0
111385,0,0,0,0,0,0,0,1,0,0,0
111388,0,0,0,0,0,0,0,1,0,0,0
111389,0,0,0,0,0,0,0,1,0,0,0
111390,0,0,0,0,0,0,0,1,0,0,0
111391,0,0,0,0,0,0,0,1,0,0,0
111392,0,0,0,0,0,0,0,1,0,0,0
111393,0,0,0,0,0,0,0,1,0,0,0
111394,0,0,0,0,0,0,0,1,0,0,0
111395,0,0,0,0,0,0,0,1,0,0,0
111397,0,0,0,0,0,0,0,1,0,0,0
111398,0,0,0,0,0,0,0,1,0,0,0
111400,0,0,0,0,0,0,0,1,0,0,0
111402,0,0,0,0,0,0,0,1,0,0,0
111450,0,0,0,1,0,0,0,0,0,0,0
111455,0,0,0,1,0,0,0,0,0,0,0
111460,0,0,0,1,0,0,0,0,0,0,0
111462,0,0,0,1,0,0,0,0,0,0,0
111553,0,0,1,0,0,0,0,0,0,0,0
111583,0,0,0,1,0,0,0,0,0,0,0
111587,0,0,0,1,0,0,0,0,0,0,0
111588,0,0,0,1,0,0,0,0,0,0,0
111701,0,0,0,0,0,0,0,0,1,1,0
111801,0,0,0,0,0,0,0,0,1,1,0
111855,0,0,0,1,0,0,0,0,0,0,0
111902,0,0,0,0,0,0,0,0,0,1,0
111921,0,0,1,0,0,0,0,0,0,0,0
111930,0,1,1,0,0,0,0,0,0,0,0
111931,0,1,1,0,0,0,0,0,0,0,0
111932,0,1,1,0,0,0,0,0,0,0,0
111933,0,1,1,0,0,0,0,0,0,0,0
111934,0,0,0,0,1,0,0,0,0,0,0
111978,0,0,0,0,0,0,0,0,1,1,0
111981,0,0,0,0,0,0,0,0,1,1,0
111987,0,0,0,0,0,0,0,0,1,1,0
111988,0,0,0,0,0,0,0,0,1,1,0
111992,0,0,0,0,0,0,0,0,1,1,0
112065,0,0,0,0,0,1,0,0,0,1,0
112066,0,0,0,0,0,1,0,0,0,1,0
112083,0,0,0,1,0,0,0,0,0,0,0
112085,0,0,0,1,0,0,0,0,0,0,0
112087,0,0,0,1,0,0,0,0,0,0,0
112088,0,0,0,1,0,0,0,0,0,0,0
112192,0,0,0,1,0,0,0,0,0,0,0
112196,0,0,0,1,0,0,0,0,0,0,0
112198,0,0,0,1,0,0,0,0,0,0,0
112212,0,0,0,1,0,0,0,0,0,0,0
112213,0,0,0,1,0,0,0,0,0,0,0
112214,0,0,0,1,0,0,0,0,0,0,0
112215,0,0,0,1,0,0,0,0,0,0,0
112314,0,0,0,0,0,1,0,0,0,1,0
112315,0,0,0,0,0,1,0,0,0,1,0
112317,0,0,0,0,0,1,0,0,0,1,0
112318,0,0,0,0,0,1,0,0,0,1,0
112344,0,0,0,0,0,0,0,0,1,1,0
112379,0,0,1,0,0,0,0,0,0,0,0
112381,0,0,1,0,0,0,0,0,0,0,0
112402,0,0,0,1,0,0,0,0,0,0,0
112407,0,0,0,1,0,0,0,0,0,0,0
112441,0,0,0,0,1,0,0,0,0,0,0
112442,0,0,0,0,1,0,0,0,0,0,0
112460,0,0,0,0,1,0,0,0,0,0,0
112462,0,0,0,0,1,0,0,0,0,0,0
112467,0,0,0,0,1,0,0,0,0,0,0
112468,0,0,0,0,1,0,0,0,0,0,0
112470,0,0,0,0,1,0,0,0,0,0,0
112477,0,0,0,0,1,0,0,0,0,0,0
112479,0,0,0,0,1,0,0,0,0,0,0
112485,0,0,0,0,1,0,0,0,0,0,0
112487,0,0,0,0,1,0,0,0,0,0,0
112503,0,0,1,0,0,0,0,0,0,0,0
112526,0,0,0,0,0,0,0,0,1,1,0
112583,0,0,0,1,0,0,0,0,0,0,0
112665,0,0,0,1,0,0,0,0,0,0,0
112733,0,0,0,0,0,1,0,0,0,1,0
112734,0,0,0,0,0,1,0,0,0,1,0
112735,0,0,0,0,0,1,0,0,0,1,0
112755,0,0,0,1,0,0,0,0,0,0,0
112756,0,0,0,1,0,0,0,0,0,0,0
112761,0,0,1,0,0,0,0,0,0,0,0
112780,0,0,0,1,0,0,0,0,0,0,0
112781,0,0,0,1,0,0,0,0,0,0,0
112787,0,0,0,1,0,0,0,0,0,0,0
112793,0,0,0,1,0,0,0,0,0,0,0
112821,0,0,0,1,0,0,0,0,0,0,0
112822,0,0,0,1,0,0,0,0,0,0,0
113016,0,0,0,0,0,0,0,1,0,0,0
113017,0,0,0,0,0,0,0,1,0,0,0
113019,0,0,0,0,0,0,0,1,0,0,0
113020,0,0,0,0,0,0,0,1,0,0,0
113021,0,0,0,0,0,0,0,1,0,0,0
113022,0,0,0,0,0,0,0,1,0,0,0
113023,0,0,0,0,0,0,0,1,0,0,0
113024,0,0,0,0,0,0,0,1,0,0,0
113026,0,0,0,0,0,0,0,1,0,0,0
113027,0,0,0,0,0,0,0,1,0,0,0
113028,0,0,0,0,0,0,0,1,0,0,0
113031,0,0,0,0,1,0,0,0,0,0,0
113033,0,0,0,0,1,0,0,0,0,0,0
113034,0,0,0,0,1,0,0,0,0,0,0
113035,0,0,0,0,1,0,0,0,0,0,0
113039,0,0,0,1,0,0,0,0,0,0,0
113138,0,0,0,0,0,0,0,0,1,1,0
113203,0,0,0,1,0,0,0,0,0,0,0
113300,0,0,0,0,0,0,0,0,1,1,0
113330,0,0,1,0,0,0,0,0,0,0,0
113403,0,0,0,0,1,0,0,0,0,0,0
113406,0,0,0,0,1,0,0,0,0,0,0
113407,0,0,0,0,1,0,0,0,0,0,0
113409,0,0,0,0,1,0,0,0,0,0,0
113445,0,1,1,0,0,0,0,0,0,0,0
113446,0,1,1,0,0,0,0,0,0,0,0
113447,0,1,1,0,0,0,0,0,0,0,0
113448,0,1,1,0,0,0,0,0,0,0,0
113449,0,1,1,0,0,0,0,0,0,0,0
113450,0,1,1,0,0,0,0,0,0,0,0
113451,0,1,1,0,0,0,0,0,0,0,0
113452,0,1,1,0,0,0,0,0,0,0,0
113453,0,1,1,0,0,0,0,0,0,0,0
113521,0,0,0,0,0,1,0,0,0,1,0
113522,0,0,0,0,0,1,0,0,0,1,0
113523,0,0,0,0,0,1,0,0,0,1,0
113525,0,0,0,0,0,1,0,0,0,1,0
113526,0,0,0,0,0,1,0,0,0,1,0
113527,0,0,0,0,0,1,0,0,0,1,0
113528,0,0,0,0,0,1,0,0,0,1,0
113529,0,0,0,0,0,1,0,0,0,1,0
113530,0,0,0,0,0,1,0,0,0,1,0
113594,1,0,0,0,0,0,0,0,0,0,0
113595,1,0,0,0,0,0,0,0,0,0,0
113596,1,0,0,0,0,0,0,0,0,0,0
113597,1,0,0,0,0,0,0,0,0,0,0
113598,1,0,0,0,0,0,0,0,0,0,0
113599,1,0,0,0,0,0,0,0,0,0,0
113600,1,0,0,0,0,0,0,0,0,0,0
113601,1,0,0,0,0,0,0,0,0,0,0
113602,1,0,0,0,0,0,0,0,0,0,0
113603,1,0,0,0,0,0,0,0,0,0,0
113604,1,0,0,0,0,0,0,0,0,0,0
113605,1,0,0,0,0,0,0,0,0,0,0
113606,1,0,0,0,0,0,0,0,0,0,0
113607,1,0,0,0,0,0,0,0,0,0,0
113608,1,0,0,0,0,0,0,0,0,0,0
113808,0,0,0,0,0,0,0,1,0,0,0
113810,0,0,0,0,0,0,0,1,0,0,0
113822,0,0,0,0,0,0,0,0,0,1,0
113824,0,0,0,0,0,0,0,0,0,1,0
113932,0,0,0,0,0,0,0,1,0,0,0
113933,0,0,0,0,0,0,0,1,0,0,0
113935,0,0,0,0,0,0,0,1,0,0,0
114036,0,0,0,0,1,0,0,0,0,0,0
114037,0,0,0,0,1,0,0,0,0,0,0
114040,0,0,0,0,1,0,0,0,0,0,0
114041,0,0,0,0,1,0,0,0,0,0,0
114042,0,0,0,0,1,0,0,0,0,0,0
114043,0,0,0,0,1,0,0,0,0,0,0
114045,0,0,0,0,1,0,0,0,0,0,0
114048,0,0,0,0,1,0,0,0,0,0,0
114050,0,0,0,0,1,0,0,0,0,0,0
114051,0,0,0,0,1,0,0,0,0,0,0
114198,0,0,0,0,0,1,0,0,0,1,0
114199,0,0,0,0,0,1,0,0,0,1,0
114200,0,0,0,0,0,1,0,0,0,1,0
114201,0,0,0,0,0,1,0,0,0,1,0
114241,0,0,1,0,0,0,0,0,0,0,0
114265,0,0,0,0,1,0,0,0,0,0,0
114266,0,0,0,0,1,0,0,0,0,0,0
114272,0,0,0,0,1,0,0,0,0,0,0
114273,0,0,0,0,1,0,0,0,0,0,0
114274,0,0,0,0,1,0,0,0,0,0,0
114288,0,1,1,0,0,0,0,0,0,0,1
114289,0,1,1,0,0,0,0,0,0,0,1
114290,0,1,1,0,0,0,0,0,0,0,1
114291,0,1,1,0,0,0,0,0,0,0,1
114292,0,1,1,0,0,0,0,0,0,0,1
114293,0,1,1,0,0,0,0,0,0,0,1
114294,0,1,1,0,0,0,0,0,0,0,1
114295,0,1,1,0,0,0,0,0,0,0,1
114296,0,1,1,0,0,0,0,0,0,0,1
114297,0,1,1,0,0,0,0,0,0,0,1
114298,0,1,1,0,0,0,0,0,0,0,1
114396,0,0,0,0,0,0,0,0,0,1,0
114398,0,0,0,0,0,0,0,0,0,1,0
114402,0,0,0,0,0,0,0,0,0,1,0
114406,0,0,0,0,0,0,0,0,0,1,0
114411,0,0,0,0,0,0,0,0,0,1,0
114428,0,0,0,0,0,0,0,0,0,1,0
114544,0,0,1,0,0,0,0,0,0,0,0
114556,0,0,1,0,0,0,0,0,0,0,0
114975,0,0,0,1,0,0,0,0,0,0,0
115379,0,0,1,0,0,0,0,0,0,0,0
115591,0,0,0,1,0,0,0,0,0,0,0
115592,0,0,0,1,0,0,0,0,0,0,0
115593,0,0,0,1,0,0,0,0,0,0,0
115595,0,0,0,1,0,0,0,0,0,0,0
115614,0,0,1,0,0,0,0,0,0,0,0
115622,0,0,1,0,0,0,0,0,0,0,0
115697,0,0,1,0,0,0,0,0,0,0,1
115698,0,0,1,0,0,0,0,0,0,0,1
115700,0,0,1,0,0,0,0,0,0,0,1
115716,0,1,1,0,0,0,0,0,0,0,0
115717,0,1,1,0,0,0,0,0,0,0,0
115718,0,1,1,0,0,0,0,0,0,0,0
115719,0,1,1,0,0,0,0,0,0,0,0
115720,0,1,1,0,0,0,0,0,0,0,0
115721,0,1,1,0,0,0,0,0,0,0,0
115722,0,1,1,0,0,0,0,0,0,0,0
115723,0,1,1,0,0,0,0,0,0,0,0
115724,0,1,1,0,0,0,0,0,0,0,0
115735,0,0,0,0,0,1,0,0,0,1,0
115738,0,0,0,0,0,0,0,0,1,1,0
115743,0,0,0,0,0,0,0,0,1,1,0
115762,0,0,0,0,0,1,0,0,0,1,0
115764,0,0,0,0,0,1,0,0,0,1,0
115765,0,0,0,0,0,1,0,0,0,1,0
115766,0,0,0,0,0,1,0,0,0,1,0
115812,0,0,1,0,0,0,0,0,0,0,0
115849,0,0,0,1,0,0,0,0,0,0,0
115850,0,0,0,1,0,0,0,0,0,0,0
115852,0,0,0,1,0,0,0,0,0,0,0
116025,0,0,1,0,0,0,0,0,0,0,0
116028,0,0,1,0,0,0,0,0,0,0,0
116068,0,0,1,0,0,0,0,0,0,0,0
116119,0,0,0,1,0,0,0,0,0,0,0
116143,0,1,1,0,0,0,0,0,0,0,0
116235,0,1,1,0,0,0,0,0,0,0,0
116236,0,1,1,0,0,0,0,0,0,0,0
116237,0,1,1,0,0,0,0,0,0,0,0
116238,0,1,1,0,0,0,0,0,0,0,0
116239,0,1,1,0,0,0,0,0,0,0,0
116240,0,1,1,0,0,0,0,0,0,0,0
116241,0,1,1,0,0,0,0,0,0,0,0
116242,0,1,1,0,0,0,0,0,0,0,0
116243,0,1,1,0,0,0,0,0,0,0,0
116303,0,0,0,0,0,0,0,0,1,1,0
116312,0,0,0,0,0,0,0,0,1,1,0
116338,0,1,1,0,0,0,0,0,0,0,0
116340,0,1,1,0,0,0,0,0,0,0,0
116341,0,1,1,0,0,0,0,0,0,0,0
116342,0,1,1,0,0,0,0,0,0,0,0
116343,0,1,1,0,0,0,0,0,0,0,0
116344,0,1,1,0,0,0,0,0,0,0,0
116345,0,1,1,0,0,0,0,0,0,0,0
116365,0,0,0,1,0,0,0,0,0,0,0
116366,0,0,0,1,0,0,0,0,0,0,0
116368,0,0,0,1,0,0,0,0,0,0,0
116372,0,0,0,1,0,0,0,0,0,0,0
116384,0,0,0,0,1,0,0,0,0,0,0
116385,0,0,0,0,1,0,0,0,0,0,0
116387,0,0,0,0,1,0,0,0,0,0,0
116389,0,0,0,0,1,0,0,0,0,0,0
116406,0,0,0,0,1,0,0,0,0,0,0
116411,1,0,0,0,0,0,0,0,0,0,0
116412,1,0,0,0,0,0,0,0,0,0,0
116463,0,0,0,1,0,0,0,0,0,0,0
116515,0,0,0,1,0,0,0,0,0,0,0
116517,0,0,0,1,0,0,0,0,0,0,0
116519,0,0,0,1,0,0,0,0,0,0,0
116520,0,0,0,1,0,0,0,0,0,0,0
116522,0,0,0,1,0,0,0,0,0,0,0
116524,0,0,0,1,0,0,0,0,0,0,0
116525,0,0,0,1,0,0,0,0,0,0,0
116543,0,0,0,0,0,0,0,0,1,1,0
116571,0,0,1,0,0,0,0,0,0,0,0
116577,0,0,1,0,0,0,0,0,0,0,0
116586,0,0,0,1,0,0,0,0,0,0,0
116724,0,0,0,0,0,0,0,0,0,1,0
116727,0,0,0,0,0,0,0,0,0,1,0
116865,0,0,0,0,0,0,0,0,0,1,0
116902,0,0,0,0,0,0,0,0,1,1,0
116906,0,0,0,0,0,0,0,0,1,1,0
116908,0,0,0,0,0,0,0,0,1,1,0
117193,0,0,0,1,0,0,0,0,0,0,0
117278,0,0,1,0,0,0,0,0,0,0,0
117280,0,0,1,0,0,0,0,0,0,0,0
117287,0,0,1,0,0,0,0,0,0,0,0
117472,0,0,0,0,0,0,0,1,0,0,0
117650,0,0,0,1,0,0,0,0,0,0,0
117846,0,0,0,1,0,0,0,0,0,0,0
117866,0,0,0,0,0,0,0,0,1,1,0
117867,0,0,0,0,0,0,0,0,1,1,0
117961,0,0,0,1,0,0,0,0,0,0,0
118000,0,0,0,1,0,0,0,0,0,0,0
118012,0,0,0,1,0,0,0,0,0,0,0
118041,0,0,0,1,0,0,0,0,0,0,0
118196,0,0,0,1,0,0,0,0,0,0,0
118202,0,0,1,0,0,0,0,0,0,0,0
118223,0,0,0,1,0,0,0,0,0,0,0
118227,0,1,1,0,0,0,0,0,0,0,0
118230,0,1,1,0,0,0,0,0,0,0,0
118232,0,1,1,0,0,0,0,0,0,0,0
118251,0,0,0,1,0,0,0,0,0,0,0
118256,0,0,0,1,0,0,0,0,0,0,0
118257,0,0,0,1,0,0,0,0,0,0,0
118276,0,0,0,1,0,0,0,0,0,0,0
118277,0,0,0,1,0,0,0,0,0,0,0
118281,0,0,0,0,0,0,0,0,1,1,0
118327,0,0,0,0,0,1,0,0,0,1,0
118329,0,0,0,0,0,1,0,0,0,1,0
118330,0,0,0,0,0,1,0,0,0,1,0
118376,0,0,0,0,0,0,0,0,1,1,0
118405,0,0,0,1,0,0,0,0,0,0,0
118478,0,0,0,1,0,0,0,0,0,0,0
118489,0,0,0,1,0,0,0,0,0,0,0
118491,0,0,0,1,0,0,0,0,0,0,0
118492,0,0,0,1,0,0,0,0,0,0,0
118493,0,0,0,1,0,0,0,0,0,0,0
118495,0,0,0,1,0,0,0,0,0,0,0
118496,0,0,0,1,0,0,0,0,0,0,0
118497,0,0,0,1,0,0,0,0,0,0,0
118499,0,0,0,1,0,0,0,0,0,0,0
118500,0,0,0,1,0,0,0,0,0,0,0
118501,0,0,0,1,0,0,0,0,0,0,0
118507,0,0,0,1,0,0,0,0,0,0,0
118563,0,0,0,0,1,0,0,0,0,0,0
118569,0,0,0,0,1,0,0,0,0,0,0
118573,0,0,0,0,1,0,0,0,0,0,0
118574,0,0,0,0,1,0,0,0,0,0,0
118577,0,0,0,0,1,0,0,0,0,0,0
118578,0,0,0,0,1,0,0,0,0,0,0
118633,0,0,0,1,0,0,0,0,0,0,0
118699,0,0,0,1,0,0,0,0,0,0,0
118726,0,1,1,0,0,0,0,0,0,0,1
118727,0,1,1,0,0,0,0,0,0,0,1
118728,0,1,1,0,0,0,0,0,0,0,1
118729,0,1,1,0,0,0,0,0,0,0,1
118730,0,1,1,0,0,0,0,0,0,0,1
118731,0,1,1,0,0,0,0,0,0,0,1
118732,0,1,1,0,0,0,0,0,0,0,1
118733,0,1,1,0,0,0,0,0,0,0,1
118734,0,1,1,0,0,0,0,0,0,0,1
118856,0,0,1,0,0,0,0,0,0,0,1
118857,0,0,1,0,0,0,0,0,0,0,1
118858,0,0,1,0,0,0,0,0,0,0,1
118859,0,0,1,0,0,0,0,0,0,0,1
118863,0,0,1,0,0,0,0,0,0,0,1
118957,0,0,0,1,0,0,0,0,0,0,0
118958,0,0,0,1,0,0,0,0,0,0,0
118972,0,0,0,1,0,0,0,0,0,0,0
118984,0,0,0,1,0,0,0,0,0,0,0
118987,0,0,0,1,0,0,0,0,0,0,0
119014,0,0,1,0,0,0,0,0,0,0,0
119020,0,0,0,1,0,0,0,0,0,0,0
119021,0,0,0,1,0,0,0,0,0,0,0
119022,0,0,0,1,0,0,0,0,0,0,0
119023,0,0,0,1,0,0,0,0,0,0,0
119024,0,0,0,1,0,0,0,0,0,0,0
119026,0,0,0,1,0,0,0,0,0,0,0
119063,0,0,0,1,0,0,0,0,0,0,0
119086,0,0,0,1,0,0,0,0,0,0,0
119095,0,0,0,1,0,0,0,0,0,0,0
119115,0,0,0,1,0,0,0,0,0,0,0
119136,0,0,0,1,0,0,0,0,0,0,0
119187,0,0,0,0,0,0,0,1,0,0,0
119257,0,0,0,0,0,0,0,0,0,1,0
119369,0,0,0,1,0,0,0,0,0,0,0
119378,0,0,0,1,0,0,0,0,0,0,0
119394,0,0,0,1,0,0,0,0,0,0,0
119396,0,0,0,1,0,0,0,0,0,0,0
119414,0,0,0,1,0,0,0,0,0,0,0
119545,0,0,0,1,0,0,0,0,0,0,0
119564,0,0,0,0,0,1,0,0,0,1,0
119566,0,0,0,0,0,1,0,0,0,1,0
119567,0,0,0,0,0,1,0,0,0,1,0
119569,0,0,0,0,0,1,0,0,0,1,0
119570,0,0,0,0,0,1,0,0,0,1,0
119571,0,0,0,0,0,1,0,0,0,1,0
119574,0,0,0,0,0,1,0,0,0,1,0
119578,0,0,0,1,0,0,0,0,0,0,0
119581,0,0,0,1,0,0,0,0,0,0,0
119584,0,0,0,0,0,0,0,1,0,0,0
119587,0,0,0,0,0,0,0,1,0,0,0
119592,0,0,0,0,0,0,0,1,0,0,0
119594,0,0,0,0,0,0,0,1,0,0,0
119727,0,0,0,1,0,0,0,0,0,0,0
119750,0,0,0,1,0,0,0,0,0,0,0
119753,0,0,0,1,0,0,0,0,0,0,0
119940,0,0,0,0,1,0,0,0,0,0,0
119942,0,0,0,0,1,0,0,0,0,0,0
119945,0,0,0,1,0,0,0,0,0,0,0
119970,0,0,0,0,1,0,0,0,0,0,0
119973,0,0,0,0,1,0,0,0,0,0,0
119974,0,0,0,0,1,0,0,0,0,0,0
119979,0,0,0,0,1,0,0,0,0,0,0
119985,0,0,0,0,1,0,0,0,0,0,0
119986,0,0,0,0,1,0,0,0,0,0,0
119988,0,0,0,0,1,0,0,0,0,0,0
119989,0,0,0,0,1,0,0,0,0,0,0
119991,0,0,0,0,1,0,0,0,0,0,0
119993,0,0,0,0,1,0,0,0,0,0,0
120095,0,0,0,0,0,0,0,1,0,0,0
120099,0,0,0,0,0,0,0,1,0,0,0
120105,0,0,0,0,0,0,0,1,0,0,0
120109,0,0,0,0,0,0,0,1,0,0,0
120111,0,0,0,0,0,0,0,1,0,0,0
120112,0,0,0,0,0,0,0,1,0,0,0
120121,0,0,0,0,0,0,0,1,0,0,0
120147,0,0,0,1,0,0,0,0,0,0,0
120150,0,0,0,1,0,0,0,0,0,0,0
120162,0,0,0,1,0,0,0,0,0,0,0
120163,0,0,0,1,0,0,0,0,0,0,0
120165,0,0,0,1,0,0,0,0,0,0,0
120166,0,0,0,1,0,0,0,0,0,0,0
120168,0,0,0,1,0,0,0,0,0,0,0
120169,0,0,0,1,0,0,0,0,0,0,0
120171,0,0,0,1,0,0,0,0,0,0,0
120179,0,0,0,0,0,0,0,1,0,0,0
120182,0,0,0,0,0,0,0,1,0,0,0
120183,0,0,0,0,0,0,0,1,0,0,0
120184,0,0,0,0,0,0,0,1,0,0,0
120185,0,0,0,0,0,0,0,1,0,0,0
120188,0,0,0,0,0,0,0,1,0,0,0
120189,0,0,0,0,0,0,0,1,0,0,0
120191,0,0,0,0,0,0,0,1,0,0,0
120194,0,0,0,0,0,0,0,1,0,0,0
120196,0,0,0,0,0,0,0,1,0,0,0
120199,0,0,0,0,0,0,0,1,0,0,0
120200,0,0,0,0,0,0,0,1,0,0,0
120201,0,0,0,0,0,0,0,1,0,0,0
120203,0,0,0,0,0,0,0,1,0,0,0
120207,0,0,0,0,0,0,0,1,0,0,0
120459,0,0,1,0,0,0,0,0,0,0,0
120466,0,0,1,0,0,0,0,0,0,0,0
120518,0,0,0,0,0,0,0,0,1,1,0
120538,0,0,0,0,0,0,0,0,1,1,0
120780,0,0,0,1,0,0,0,0,0,0,0
120792,0,1,1,0,0,0,0,0,0,0,1
120793,0,1,1,0,0,0,0,0,0,0,1
120794,0,1,1,0,0,0,0,0,0,0,1
120795,0,1,1,0,0,0,0,0,0,0,1
120796,0,1,1,0,0,0,0,0,0,0,1
120913,1,0,0,0,0,0,0,0,0,0,0
120914,1,0,0,0,0,0,0,0,0,0,0
120915,1,0,0,0,0,0,0,0,0,0,0
120916,1,0,0,0,0,0,0,0,0,0,0
120917,1,0,0,0,0,0,0,0,0,0,0
120918,1,0,0,0,0,0,0,0,0,0,0
120919,1,0,0,0,0,0,0,0,0,0,0
120920,1,0,0,0,0,0,0,0,0,0,0
120921,1,0,0,0,0,0,0,0,0,0,0
120922,1,0,0,0,0,0,0,0,0,0,0
120923,1,0,0,0,0,0,0,0,0,0,0
120924,1,0,0,0,0,0,0,0,0,0,0
120926,1,0,0,0,0,0,0,0,0,0,0
120927,1,0,0,0,0,0,0,0,0,0,0
120928,1,0,0,0,0,0,0,0,0,0,0
120929,0,0,0,0,0,0,1,0,0,0,0
120930,0,0,0,0,0,0,1,0,0,0,0
120931,0,0,0,0,0,0,1,0,0,0,0
120932,0,0,0,0,0,0,1,0,0,0,0
120933,0,0,0,0,0,0,1,0,0,0,0
120934,0,0,0,0,0,0,1,0,0,0,0
120935,0,0,0,0,0,0,1,0,0,0,0
120936,0,0,0,0,0,0,1,0,0,0,0
120937,0,0,0,0,0,0,1,0,0,0,0
120938,0,0,0,0,0,0,1,0,0,0,0
120939,0,0,0,0,0,0,1,0,0,0,0
120940,0,0,0,0,0,0,1,0,0,0,0
121205,0,0,1,0,0,0,0,0,0,0,0
121276,0,0,0,1,0,0,0,0,0,0,0
121277,0,0,0,1,0,0,0,0,0,0,0
121287,0,0,0,1,0,0,0,0,0,0,0
121289,0,0,0,1,0,0,0,0,0,0,0
121313,0,0,0,0,1,0,0,0,0,0,0
121315,0,0,0,0,1,0,0,0,0,0,0
121318,0,0,0,0,1,0,0,0,0,0,0
121320,0,0,0,0,1,0,0,0,0,0,0
121366,0,0,0,1,0,0,0,0,0,0,0
121367,0,0,0,1,0,0,0,0,0,0,0
121429,0,0,0,1,0,0,0,0,0,0,0
121430,0,0,0,1,0,0,0,0,0,0,0
121433,0,0,0,1,0,0,0,0,0,0,0
121449,0,1,1,0,0,0,0,0,0,0,0
121451,0,1,1,0,0,0,0,0,0,0,0
121452,0,1,1,0,0,0,0,0,0,0,0
121453,0,1,1,0,0,0,0,0,0,0,0
121454,0,1,1,0,0,0,0,0,0,0,0
121589,0,0,0,0,0,0,0,1,0,0,0
121590,0,0,0,0,0,0,0,1,0,0,0
121592,0,0,0,0,0,0,0,1,0,0,0
121593,0,0,0,0,0,0,0,1,0,0,0
121594,0,0,0,0,0,0,0,1,0,0,0
121595,0,1,1,0,0,0,0,0,0,0,0
121726,0,0,1,0,0,0,0,0,0,0,0
121735,0,0,0,0,0,0,0,1,0,0,0
121736,0,0,0,0,0,0,0,1,0,0,0
121737,0,0,0,0,0,0,0,1,0,0,0
121739,0,0,0,0,0,0,0,1,0,0,0
121740,0,0,0,0,0,0,0,1,0,0,0
121812,0,0,0,0,0,0,0,0,1,1,0
121828,0,0,0,1,0,0,0,0,0,0,0
121849,0,0,0,1,0,0,0,0,0,0,0
121867,0,0,0,0,0,0,0,0,1,1,0
121869,0,0,0,0,0,0,0,0,1,1,0
121976,0,0,0,1,0,0,0,0,0,0,0
121994,0,0,0,1,0,0,0,0,0,0,0
121997,0,0,0,1,0,0,0,0,0,0,0
121998,0,0,0,1,0,0,0,0,0,0,0
122001,0,0,0,1,0,0,0,0,0,0,0
122002,0,0,0,1,0,0,0,0,0,0,0
122003,0,0,0,1,0,0,0,0,0,0,0
122004,0,0,0,1,0,0,0,0,0,0,0
122109,0,0,0,1,0,0,0,0,0,0,0
122135,0,0,0,1,0,0,0,0,0,0,0
122144,0,0,0,1,0,0,0,0,0,0,0
122163,0,0,0,1,0,0,0,0,0,0,0
122165,0,0,0,1,0,0,0,0,0,0,0
122186,0,0,0,0,0,0,0,0,1,1,0
122206,0,0,0,1,0,0,0,0,0,0,0
122248,0,0,0,1,0,0,0,0,0,0,0
122258,0,0,0,1,0,0,0,0,0,0,0
122259,0,0,0,1,0,0,0,0,0,0,0
122260,0,0,0,1,0,0,0,0,0,0,0
122378,0,0,0,0,0,0,0,0,1,1,0
122395,0,0,0,0,0,0,0,0,0,1,0
122456,0,0,1,0,0,0,0,0,0,0,1
122473,0,0,0,0,0,0,0,1,0,0,0
122475,0,0,0,0,0,0,0,1,0,0,0
122499,0,0,0,0,0,0,0,1,0,0,0
122500,0,0,0,0,0,0,0,1,0,0,0
122503,0,0,0,0,0,0,0,1,0,0,0
122504,0,0,0,0,0,0,0,1,0,0,0
122533,0,0,0,0,0,0,0,1,0,0,0
122534,0,0,0,0,0,0,0,1,0,0,0
122535,0,0,0,0,0,0,0,1,0,0,0
122536,0,0,0,0,0,0,0,1,0,0,0
122538,0,0,0,0,0,0,1,0,0,0,0
122539,0,0,0,0,0,0,1,0,0,0,0
122540,0,0,0,0,0,0,1,0,0,0,0
122541,0,0,0,0,0,0,1,0,0,0,0
122542,0,0,0,0,0,0,1,0,0,0,0
122543,0,0,0,0,0,0,1,0,0,0,0
122544,0,0,0,0,0,0,1,0,0,0,0
122545,0,0,0,0,0,0,1,0,0,0,0
122578,0,0,0,0,0,0,0,1,0,0,0
122579,0,0,0,0,0,0,0,1,0,0,0
122684,0,0,0,0,0,0,0,0,1,1,0
122699,0,0,0,0,0,0,1,0,0,0,0
122700,0,0,0,0,0,0,1,0,0,0,0
122701,0,0,0,0,0,0,1,0,0,0,0
122702,0,0,0,0,0,0,1,0,0,0,0
122703,0,0,0,0,0,0,1,0,0,0,0
122704,0,0,0,0,0,0,1,0,0,0,0
122705,0,0,0,0,0,0,1,0,0,0,0
122706,0,0,0,0,0,0,1,0,0,0,0
122707,0,0,0,0,0,0,1,0,0,0,0
122709,0,0,0,0,0,0,1,0,0,0,0
122710,0,0,0,0,0,0,1,0,0,0,0
122711,0,0,0,0,0,0,1,0,0,0,0
122712,0,0,0,0,0,0,1,0,0,0,0
122713,0,0,0,0,0,0,1,0,0,0,0
122714,0,0,0,0,0,0,1,0,0,0,0
122715,0,0,0,0,0,0,1,0,0,0,0
122716,0,0,0,0,0,0,1,0,0,0,0
122723,0,0,0,0,0,0,1,0,0,0,0
122724,0,0,0,0,0,0,1,0,0,0,0
122725,0,0,0,0,0,0,1,0,0,0,0
122726,0,0,0,0,0,0,1,0,0,0,0
122727,0,0,0,0,0,0,1,0,0,0,0
122728,0,0,0,0,0,0,1,0,0,0,0
122729,0,0,0,0,0,0,1,0,0,0,0
122730,0,0,0,0,0,0,1,0,0,0,0
122731,0,0,0,0,0,0,1,0,0,0,0
122732,0,0,0,0,0,0,1,0,0,0,0
122733,0,0,0,0,0,0,1,0,0,0,0
122734,0,0,0,0,0,0,1,0,0,0,0
122735,0,0,0,0,0,0,1,0,0,0,0
122736,0,0,0,0,0,0,1,0,0,0,0
122798,0,0,0,0,0,0,0,1,0,0,0
122799,0,0,0,0,0,0,0,1,0,0,0
122800,0,0,0,0,0,0,0,1,0,0,0
122801,0,0,0,0,0,0,0,1,0,0,0
122802,0,0,0,0,0,0,0,1,0,0,0
122804,0,0,0,0,0,0,0,1,0,0,0
122805,0,0,0,0,0,0,0,1,0,0,0
122806,0,0,0,0,0,0,0,1,0,0,0
122807,0,0,0,0,0,0,0,1,0,0,0
122808,0,0,0,0,0,0,0,1,0,0,0
122809,0,0,0,0,0,0,0,1,0,0,0
122810,0,0,0,0,0,0,0,1,0,0,0
122871,0,0,0,0,0,0,1,0,0,0,0
122872,0,0,0,0,0,0,1,0,0,0,0
122873,0,0,0,0,0,0,1,0,0,0,0
122874,0,0,0,0,0,0,1,0,0,0,0
122875,0,0,0,0,0,0,1,0,0,0,0
122876,0,0,0,0,0,0,1,0,0,0,0
122880,0,0,0,0,0,0,1,0,0,0,0
122881,0,0,0,0,0,0,1,0,0,0,0
122882,0,0,0,0,0,0,1,0,0,0,0
122883,0,0,0,0,0,0,1,0,0,0,0
122884,0,0,0,0,0,0,1,0,0,0,0
122895,0,0,0,0,0,0,1,0,0,0,0
122896,0,0,0,0,0,0,1,0,0,0,0
122897,0,0,0,0,0,0,1,0,0,0,0
122898,0,0,0,0,0,0,1,0,0,0,0
122899,0,0,0,0,0,0,1,0,0,0,0
122904,0,0,0,0,0,0,1,0,0,0,0
122905,0,0,0,0,0,0,1,0,0,0,0
122906,0,0,0,0,0,0,1,0,0,0,0
122907,0,0,0,0,0,0,1,0,0,0,0
122908,0,0,0,0,0,0,1,0,0,0,0
122909,0,0,0,0,0,0,1,0,0,0,0
123276,0,0,0,0,0,1,0,0,0,1,0
123278,0,0,0,0,0,1,0,0,0,1,0
123333,0,0,0,1,0,0,0,0,0,0,0
123335,0,0,0,1,0,0,0,0,0,0,0
123338,0,0,0,1,0,0,0,0,0,0,0
123341,0,0,0,1,0,0,0,0,0,0,0
123369,0,0,0,0,0,0,0,0,0,1,0
123370,0,0,0,0,0,0,1,0,0,0,0
123371,0,0,0,0,0,0,1,0,0,0,0
123372,0,0,0,0,0,0,1,0,0,0,0
123373,0,0,0,0,0,0,1,0,0,0,0
123375,0,0,0,0,0,0,1,0,0,0,0
123376,0,0,0,0,0,0,1,0,0,0,0
123377,0,0,0,0,0,0,1,0,0,0,0
123378,0,0,0,0,0,0,1,0,0,0,0
123379,0,0,0,0,0,0,1,0,0,0,0
123380,0,0,0,0,0,0,1,0,0,0,0
123381,0,0,0,0,0,0,1,0,0,0,0
123382,0,0,0,0,0,0,1,0,0,0,0
123383,0,0,0,0,0,0,1,0,0,0,0
123423,0,0,0,0,0,0,0,0,1,1,0
123425,0,0,0,0,0,0,0,0,1,1,0
123438,0,0,0,0,1,0,0,0,0,0,0
123440,0,0,0,0,1,0,0,0,0,0,0
123442,0,0,0,0,1,0,0,0,0,0,0
123498,0,0,1,0,0,0,0,0,0,0,0
123509,0,0,0,0,0,0,0,1,0,0,0
123600,0,0,0,0,1,0,0,0,0,0,0
123608,0,0,0,0,1,0,0,0,0,0,0
123609,0,0,0,0,1,0,0,0,0,0,0
123610,0,0,0,0,1,0,0,0,0,0,0
123611,0,0,0,0,1,0,0,0,0,0,0
123620,0,0,0,0,1,0,0,0,0,0,0
123641,0,0,0,0,1,0,0,0,0,0,0
123642,0,0,0,0,1,0,0,0,0,0,0
123644,0,0,0,0,1,0,0,0,0,0,0
123645,0,0,0,0,1,0,0,0,0,0,0
123646,0,0,0,0,1,0,0,0,0,0,0
123660,0,0,0,0,0,0,0,0,1,1,0
123662,0,0,0,0,0,0,0,0,1,1,0
123678,0,0,0,0,0,0,1,0,0,0,0
123679,0,0,0,0,0,0,1,0,0,0,0
123680,0,0,0,0,0,0,1,0,0,0,0
123681,0,0,0,0,0,0,1,0,0,0,0
123682,0,0,0,0,0,0,1,0,0,0,0
123683,0,0,0,0,0,0,1,0,0,0,0
123684,0,0,0,0,0,0,1,0,0,0,0
123720,0,0,0,0,0,0,0,0,0,1,0
123747,0,0,0,0,0,0,0,0,1,1,0
123769,0,0,0,1,0,0,0,0,0,0,0
123770,0,0,0,1,0,0,0,0,0,0,0
123822,0,0,0,0,0,0,0,0,0,1,0
123829,0,0,0,0,0,0,0,0,0,1,0
123840,0,0,0,0,0,0,0,0,0,1,0
123863,0,0,0,0,0,0,0,0,1,1,0
123867,0,0,0,0,0,0,0,0,1,1,0
123908,0,0,0,0,0,0,0,0,1,1,0
123933,0,0,1,0,0,0,0,0,0,0,0
123964,0,0,0,0,1,0,0,0,0,0,0
123965,0,0,0,0,1,0,0,0,0,0,0
123966,0,0,0,0,1,0,0,0,0,0,0
123968,0,0,0,0,1,0,0,0,0,0,0
123970,0,0,0,0,1,0,0,0,0,0,0
123972,0,0,0,0,1,0,0,0,0,0,0
123976,0,0,0,0,1,0,0,0,0,0,0
123978,0,0,0,0,1,0,0,0,0,0,0
123980,0,0,0,0,1,0,0,0,0,0,0
124005,0,0,0,0,0,0,0,0,1,1,0
124111,0,0,0,0,0,0,0,0,0,1,0
124184,0,0,0,0,0,1,0,0,0,1,0
124185,0,0,0,0,0,1,0,0,0,1,0
124186,0,0,0,0,0,1,0,0,0,1,0
124391,0,0,0,0,0,0,0,0,0,1,0
124396,0,0,0,0,0,0,1,0,0,0,0
124397,0,0,0,0,0,0,1,0,0,0,0
124398,0,0,0,0,0,0,1,0,0,0,0
124399,0,0,0,0,0,0,1,0,0,0,0
124400,0,0,0,0,0,0,1,0,0,0,0
124401,0,0,0,0,0,0,1,0,0,0,0
124402,0,0,0,0,0,0,1,0,0,0,0
124403,0,0,0,0,0,0,1,0,0,0,0
124404,0,0,0,0,0,0,1,0,0,0,0
124405,0,0,0,0,0,0,1,0,0,0,0
124406,0,0,0,0,0,0,1,0,0,0,0
124407,0,0,0,0,0,0,1,0,0,0,0
124411,0,0,0,1,0,0,0,0,0,0,0
124412,0,0,0,0,0,0,1,0,0,0,0
124413,0,0,0,0,0,0,1,0,0,0,0
124414,0,0,0,0,0,0,1,0,0,0,0
124415,0,0,0,0,0,0,1,0,0,0,0
124416,0,0,0,0,0,0,1,0,0,0,0
124417,0,0,0,0,0,0,1,0,0,0,0
124418,0,0,0,0,0,0,1,0,0,0,0
124419,0,0,0,0,0,0,1,0,0,0,0
124420,0,0,0,0,0,0,1,0,0,0,0
124421,0,0,0,0,0,0,1,0,0,0,0
124422,0,0,0,0,0,0,1,0,0,0,0
124423,0,0,0,0,0,0,1,0,0,0,0
124457,0,0,0,0,0,1,0,0,0,1,0
124458,0,0,0,0,0,1,0,0,0,1,0
124459,0,0,0,0,0,1,0,0,0,1,0
124460,0,0,0,0,0,1,0,0,0,1,0
124461,0,0,0,0,0,1,0,0,0,1,0
124466,0,0,0,0,0,0,0,0,1,1,0
124469,0,0,0,0,0,0,0,0,1,1,0
124475,0,0,0,0,0,0,0,1,0,0,0
124479,0,0,0,0,0,0,0,1,0,0,0
124480,0,0,0,0,0,0,0,1,0,0,0
124482,0,0,0,0,0,0,0,1,0,0,0
124483,0,0,0,0,0,0,0,1,0,0,0
124484,0,0,0,0,0,0,0,1,0,0,0
124485,0,0,0,0,0,0,0,1,0,0,0
124518,0,0,0,1,0,0,0,0,0,0,0
124730,0,0,0,0,1,0,0,0,0,0,0
124732,0,0,0,0,1,0,0,0,0,0,0
124740,0,0,0,0,1,0,0,0,0,0,0
124748,0,0,0,0,1,0,0,0,0,0,0
124749,0,0,0,0,1,0,0,0,0,0,0
124870,0,0,0,1,0,0,0,0,0,0,0
124871,0,0,0,1,0,0,0,0,0,0,0
124885,0,0,0,1,0,0,0,0,0,0,0
124886,0,0,0,1,0,0,0,0,0,0,0
124891,0,0,0,1,0,0,0,0,0,0,0
124912,0,0,1,0,0,0,0,0,0,0,1
124913,0,0,1,0,0,0,0,0,0,0,1
124916,0,0,1,0,0,0,0,0,0,0,1
124917,0,0,1,0,0,0,0,0,0,0,1
124918,0,0,1,0,0,0,0,0,0,0,1
124993,0,0,0,0,0,0,0,0,1,1,0
125016,0,0,0,1,0,0,0,0,0,0,0
125108,0,0,0,0,0,0,1,0,0,0,0
125109,0,0,0,0,0,0,1,0,0,0,0
125110,0,0,0,0,0,0,1,0,0,0,0
125111,0,0,0,0,0,0,1,0,0,0,0
125112,0,0,0,0,0,0,1,0,0,0,0
125114,0,0,0,0,0,0,1,0,0,0,0
125115,0,0,0,0,0,0,1,0,0,0,0
125116,0,0,0,0,0,0,1,0,0,0,0
125117,0,0,0,0,0,0,1,0,0,0,0
125118,0,0,0,0,0,0,1,0,0,0,0
125119,0,0,0,0,0,0,1,0,0,0,0
125149,0,1,1,0,0,0,0,0,0,0,1
125150,0,1,1,0,0,0,0,0,0,0,1
125151,0,1,1,0,0,0,0,0,0,0,1
125152,0,1,1,0,0,0,0,0,0,0,1
125153,0,1,1,0,0,0,0,0,0,0,1
125154,0,1,1,0,0,0,0,0,0,0,1
125155,0,1,1,0,0,0,0,0,0,0,1
125156,0,1,1,0,0,0,0,0,0,0,1
125157,0,1,1,0,0,0,0,0,0,0,1
125158,0,1,1,0,0,0,0,0,0,0,1
125159,0,1,1,0,0,0,0,0,0,0,1
125160,0,1,1,0,0,0,0,0,0,0,1
125161,0,1,1,0,0,0,0,0,0,0,1
125202,1,0,0,0,0,0,0,0,0,0,0
125232,0,0,0,1,0,0,0,0,0,0,0
125236,0,0,0,1,0,0,0,0,0,0,0
125239,0,0,0,1,0,0,0,0,0,0,0
125240,0,0,0,1,0,0,0,0,0,0,0
125286,0,1,1,0,0,0,0,0,0,0,0
125287,0,1,1,0,0,0,0,0,0,0,0
125288,0,0,1,0,0,0,0,0,0,0,1
125291,0,1,1,0,0,0,0,0,0,0,0
125293,0,1,1,0,0,0,0,0,0,0,0
125299,0,1,1,0,0,0,0,0,0,0,0
125371,0,0,0,0,0,0,0,1,0,0,0
125372,0,0,0,0,0,0,0,1,0,0,0
125375,0,0,0,0,0,0,0,1,0,0,0
125376,0,0,0,0,0,0,0,1,0,0,0
125529,0,0,1,0,0,0,0,0,0,0,0
125587,0,0,1,0,0,0,0,0,0,0,0
125694,0,0,1,0,0,0,0,0,0,0,0
125722,0,0,0,0,0,0,0,1,0,0,0
125999,0,1,1,0,0,0,0,0,0,0,1
126102,0,0,0,0,0,0,0,1,0,0,0
126104,0,0,0,0,0,0,0,1,0,0,0
126105,0,0,0,0,0,0,0,1,0,0,0
126222,0,0,0,1,0,0,0,0,0,0,0
126224,0,0,0,1,0,0,0,0,0,0,0
126225,0,0,0,1,0,0,0,0,0,0,0
126226,0,0,0,1,0,0,0,0,0,0,0
126292,0,1,1,0,0,0,0,0,0,0,1
126299,0,0,0,0,0,0,0,0,0,1,0
126354,0,0,0,0,0,0,0,1,0,0,0
126357,0,0,0,0,0,0,0,1,0,0,0
126359,0,0,0,0,0,0,0,1,0,0,0
126361,0,0,0,0,0,0,0,1,0,0,0
126362,0,0,0,0,0,0,0,1,0,0,0
126399,0,0,0,0,0,0,0,1,0,0,0
126400,0,0,0,0,0,0,0,1,0,0,0
126401,0,0,0,0,0,0,0,1,0,0,0
126402,0,0,0,0,0,0,0,1,0,0,0
126403,0,0,0,0,0,0,0,1,0,0,0
126404,0,0,0,0,0,0,0,1,0,0,0
126406,0,0,0,0,0,0,0,1,0,0,0
126407,0,0,0,0,0,0,0,1,0,0,0
126425,0,0,0,0,0,0,0,1,0,0,0
126426,0,0,0,0,0,0,0,1,0,0,0
126427,0,0,0,0,0,0,0,1,0,0,0
126428,0,0,0,0,0,0,0,1,0,0,0
126429,0,0,0,0,0,0,0,1,0,0,0
126430,0,0,0,0,0,0,0,1,0,0,0
126431,0,0,0,0,0,0,0,1,0,0,0
126505,0,0,0,1,0,0,0,0,0,0,0
126506,0,0,0,1,0,0,0,0,0,0,0
126509,0,0,0,1,0,0,0,0,0,0,0
126510,0,0,0,1,0,0,0,0,0,0,0
126511,0,0,0,1,0,0,0,0,0,0,0
126514,0,0,0,1,0,0,0,0,0,0,0
126515,0,0,0,1,0,0,0,0,0,0,0
126517,0,0,0,1,0,0,0,0,0,0,0
126521,0,0,0,1,0,0,0,0,0,0,0
126554,0,0,0,1,0,0,0,0,0,0,0
126557,0,0,0,1,0,0,0,0,0,0,0
126591,0,0,0,0,0,0,0,0,0,1,0
126601,0,0,0,1,0,0,0,0,0,0,0
126602,0,0,0,1,0,0,0,0,0,0,0
126603,0,0,0,1,0,0,0,0,0,0,0
126606,0,0,0,1,0,0,0,0,0,0,0
126607,0,0,0,1,0,0,0,0,0,0,0
126627,0,0,1,0,0,0,0,0,0,0,0
126664,0,0,0,0,0,0,0,0,1,1,0
126665,0,0,0,0,0,0,0,0,1,1,0
126670,0,0,0,0,0,0,0,0,0,1,0
126773,0,1,1,0,0,0,0,0,0,0,1
126983,0,0,0,0,0,0,0,0,0,1,0
127082,0,0,1,0,0,0,0,0,0,0,0
127154,0,0,0,1,0,0,0,0,0,0,0
127155,0,0,0,1,0,0,0,0,0,0,0
127156,0,0,1,0,0,0,0,0,0,0,1
127180,0,0,0,0,0,0,0,1,0,0,0
127181,0,0,0,0,0,0,0,1,0,0,0
127182,0,0,0,0,0,0,0,1,0,0,0
127184,0,0,0,0,0,0,0,1,0,0,0
127185,0,0,0,0,0,0,0,1,0,0,0
127186,0,0,0,0,0,0,0,1,0,0,0
127187,0,0,0,0,0,0,0,1,0,0,0
127188,0,0,0,0,0,0,0,1,0,0,0
127189,0,0,0,0,0,0,0,1,0,0,0
127204,0,0,0,0,0,0,0,1,0,0,0
127206,0,0,0,0,0,0,0,1,0,0,0
127242,0,0,0,0,0,1,0,0,0,1,0
127243,0,0,0,0,0,1,0,0,0,1,0
127245,0,0,0,0,0,1,0,0,0,1,0
127246,0,0,0,0,0,1,0,0,0,1,0
127269,0,0,0,0,0,0,0,1,0,0,0
127270,0,0,0,0,0,0,0,1,0,0,0
127271,0,0,0,0,0,0,0,1,0,0,0
127272,0,0,0,0,0,0,0,1,0,0,0
127274,0,0,0,0,0,0,0,1,0,0,0
127275,0,0,0,0,0,0,0,1,0,0,0
127277,0,0,0,0,0,0,0,1,0,0,0
127278,0,0,0,0,0,0,0,1,0,0,0
127279,0,0,0,0,0,0,0,1,0,0,0
127281,0,0,0,0,0,0,0,1,0,0,0
127282,0,0,0,0,0,0,0,1,0,0,0
127283,0,0,0,0,0,0,0,1,0,0,0
127286,0,0,0,0,0,0,0,1,0,0,0
127288,0,0,0,0,0,0,0,1,0,0,0
127289,0,0,0,0,0,0,0,1,0,0,0
127290,0,0,0,0,0,0,0,1,0,0,0
127294,0,0,0,0,0,0,0,1,0,0,0
127295,0,0,0,0,0,0,0,1,0,0,0
127296,0,0,0,0,0,0,0,1,0,0,0
127297,0,0,0,0,0,0,0,1,0,0,0
127299,0,0,0,0,0,0,0,1,0,0,0
127300,0,0,0,0,0,0,0,1,0,0,0
127301,0,0,0,0,0,0,0,1,0,0,0
127302,0,0,0,0,0,0,0,1,0,0,0
127303,0,0,0,0,0,0,0,1,0,0,0
127422,0,0,0,1,0,0,0,0,0,0,0
127427,0,0,0,1,0,0,0,0,0,0,0
127476,0,0,0,1,0,0,0,0,0,0,0
127479,0,0,0,1,0,0,0,0,0,0,0
127480,0,0,0,1,0,0,0,0,0,0,0
127483,0,0,0,1,0,0,0,0,0,0,0
127484,0,0,0,1,0,0,0,0,0,0,0
127487,0,0,0,1,0,0,0,0,0,0,0
127539,0,0,0,1,0,0,0,0,0,0,0
127540,0,0,0,1,0,0,0,0,0,0,0
127541,0,0,0,1,0,0,0,0,0,0,0
127554,0,0,0,0,0,0,0,0,0,1,0
127555,0,0,0,0,0,0,0,0,0,1,0
127620,0,0,0,0,0,0,0,1,0,0,0
127623,0,0,0,0,0,0,0,1,0,0,0
127626,0,0,0,0,0,0,0,1,0,0,0
127716,0,0,0,0,0,1,0,0,1,1,0
127720,0,0,0,0,0,1,0,0,1,1,0
127810,0,0,1,0,0,0,0,0,0,0,0
127908,0,0,0,0,0,0,0,1,0,0,0
127909,0,0,0,0,0,0,0,1,0,0,0
127910,0,0,0,0,0,0,0,1,0,0,0
127912,0,0,0,0,0,0,0,1,0,0,0
127913,0,0,0,0,0,0,0,1,0,0,0
127914,0,0,0,0,0,0,0,1,0,0,0
127915,0,0,0,0,0,0,0,1,0,0,0
128302,0,0,0,1,0,0,0,0,0,0,0
128443,0,0,0,0,1,0,0,0,0,0,0
128482,0,0,0,0,0,0,0,1,0,0,0
128494,0,0,0,0,1,0,0,0,0,0,0
128496,0,0,0,0,0,0,0,0,0,1,0
128501,0,0,0,0,0,0,0,0,1,1,0
128665,0,0,0,0,1,0,0,0,0,0,0
128666,0,0,0,0,1,0,0,0,0,0,0
128667,0,0,0,0,1,0,0,0,0,0,0
128668,0,0,0,0,1,0,0,0,0,0,0
128758,0,0,1,0,0,0,0,0,0,0,1
128759,0,0,1,0,0,0,0,0,0,0,1
128760,0,0,1,0,0,0,0,0,0,0,1
128825,0,0,0,1,0,0,0,0,0,0,0
128835,0,0,0,1,0,0,0,0,0,0,0
128845,0,0,0,1,0,0,0,0,0,0,0
128878,0,0,0,1,0,0,0,0,0,0,0
128879,0,0,0,1,0,0,0,0,0,0,0
128901,0,0,0,1,0,0,0,0,0,0,0
128918,0,0,0,0,1,0,0,0,0,0,0
128919,0,0,0,0,1,0,0,0,0,0,0
128920,0,0,0,0,1,0,0,0,0,0,0
128925,0,0,0,0,1,0,0,0,0,0,0
128927,0,0,0,0,1,0,0,0,0,0,0
128988,0,0,0,1,0,0,0,0,0,0,0
129048,0,0,0,0,0,0,0,1,0,0,0
129049,0,0,0,0,0,0,0,1,0,0,0
129052,0,0,0,0,0,0,0,1,0,0,0
129053,0,0,0,0,0,0,0,1,0,0,0
129054,0,0,0,0,0,0,0,1,0,0,0
129055,0,0,0,0,0,0,0,1,0,0,0
129236,0,0,0,1,0,0,0,0,0,0,0
129270,0,0,0,0,0,0,0,0,0,1,0
129354,0,0,1,0,0,0,0,0,0,0,0
129370,0,0,0,0,0,0,0,1,0,0,0
129372,0,0,0,0,0,0,0,1,0,0,0
129373,0,0,0,0,0,0,0,1,0,0,0
129374,0,0,0,0,0,0,0,1,0,0,0
129375,0,0,0,0,0,0,0,1,0,0,0
129391,0,0,0,0,0,0,0,1,0,0,0
129392,0,0,0,0,0,0,0,1,0,0,0
129393,0,0,0,0,0,0,0,1,0,0,0
129450,0,0,0,0,0,0,0,0,0,1,0
129583,0,0,0,1,0,0,0,0,0,0,0
129602,0,0,0,1,0,0,0,0,0,0,0
129616,0,0,0,1,0,0,0,0,0,0,0
129624,0,0,0,1,0,0,0,0,0,0,0
129673,0,0,0,0,1,0,0,0,0,0,0
129698,0,0,1,0,0,0,0,0,0,0,1
129699,0,0,1,0,0,0,0,0,0,0,1
129700,0,0,1,0,0,0,0,0,0,0,1
129701,0,0,1,0,0,0,0,0,0,0,1
129730,0,0,0,0,0,0,0,0,0,1,0
129732,0,1,1,0,0,0,0,0,0,0,0
129733,0,1,1,0,0,0,0,0,0,0,0
129735,0,1,1,0,0,0,0,0,0,0,0
129736,0,1,1,0,0,0,0,0,0,0,0
129738,0,1,1,0,0,0,0,0,0,0,0
129739,0,1,1,0,0,0,0,0,0,0,0
129740,0,1,1,0,0,0,0,0,0,0,0
129741,0,1,1,0,0,0,0,0,0,0,0
129742,0,1,1,0,0,0,0,0,0,0,0
129806,0,0,0,0,1,0,0,0,0,0,0
129868,0,0,0,0,0,0,0,0,0,1,0
129905,0,0,0,0,1,0,0,0,0,0,0
129907,0,0,0,0,1,0,0,0,0,0,0
129909,0,0,0,0,1,0,0,0,0,0,0
129911,0,0,0,0,1,0,0,0,0,0,0
129914,0,0,0,0,1,0,0,0,0,0,0
129915,0,0,0,0,1,0,0,0,0,0,0
129962,0,0,0,0,0,0,0,0,0,1,0
129964,0,0,0,0,0,0,0,0,0,1,0
129973,0,0,0,0,0,0,0,0,0,1,0
130111,0,0,0,0,0,0,0,0,1,1,0
130112,0,0,0,0,0,0,0,0,1,1,0
130163,0,0,0,0,1,0,0,0,0,0,0
130166,0,0,0,0,1,0,0,0,0,0,0
130167,0,0,0,0,1,0,0,0,0,0,0
130244,0,0,0,0,0,0,0,0,1,1,0
130265,0,0,0,0,0,0,0,1,0,0,0
130369,0,0,0,0,0,0,0,1,0,0,0
130370,0,0,0,0,0,0,0,1,0,0,0
130371,0,0,0,0,0,0,0,1,0,0,0
130372,0,0,0,0,0,0,0,1,0,0,0
130396,0,0,0,0,0,0,0,0,1,1,0
130431,0,0,0,0,1,0,0,0,0,0,0
130448,0,0,0,0,1,0,0,0,0,0,0
130450,0,0,0,0,1,0,0,0,0,0,0
130452,0,0,0,0,1,0,0,0,0,0,0
130454,0,0,0,0,1,0,0,0,0,0,0
130455,0,0,0,0,1,0,0,0,0,0,0
130496,0,0,0,0,1,0,0,0,0,0,0
130497,0,0,0,0,1,0,0,0,0,0,0
130602,0,0,0,0,0,0,0,0,1,1,0
130638,0,0,0,0,1,0,0,0,0,0,0
130645,0,0,0,0,1,0,0,0,0,0,0
130649,0,0,0,0,1,0,0,0,0,0,0
130650,0,0,0,0,1,0,0,0,0,0,0
130652,0,0,0,0,1,0,0,0,0,0,0
130684,0,0,0,0,0,1,0,0,0,1,0
130685,0,0,0,0,0,1,0,0,0,1,0
130686,0,0,0,0,0,1,0,0,0,1,0
130687,0,0,0,0,0,1,0,0,0,1,0
130688,0,0,0,0,0,1,0,0,0,1,0
130689,0,0,0,0,0,1,0,0,0,1,0
130691,0,0,0,0,0,1,0,0,0,1,0
130692,0,0,0,0,0,1,0,0,0,1,0
130693,0,0,0,0,0,1,0,0,0,1,0
130702,0,0,0,0,1,0,0,0,0,0,0
130706,0,0,0,0,1,0,0,0,0,0,0
130707,0,0,0,0,1,0,0,0,0,0,0
130708,0,0,0,0,1,0,0,0,0,0,0
130710,0,0,0,0,1,0,0,0,0,0,0
130711,0,0,0,0,1,0,0,0,0,0,0
130802,0,0,1,0,0,0,0,0,0,0,1
130803,0,0,1,0,0,0,0,0,0,0,1
130806,0,0,1,0,0,0,0,0,0,0,1
130888,0,0,1,0,0,0,0,0,0,0,0
130890,0,0,1,0,0,0,0,0,0,0,0
130987,0,0,0,0,0,0,0,0,1,1,0
130995,0,0,1,0,0,0,0,0,0,0,1
130996,0,0,1,0,0,0,0,0,0,0,1
130998,0,0,1,0,0,0,0,0,0,0,1
130999,0,0,1,0,0,0,0,0,0,0,1
131000,0,0,1,0,0,0,0,0,0,0,1
131010,0,0,0,0,1,0,0,0,0,0,0
131016,0,0,0,0,1,0,0,0,0,0,0
131018,0,0,0,0,1,0,0,0,0,0,0
131020,0,0,0,0,1,0,0,0,0,0,0
131025,0,0,0,1,0,0,0,0,0,0,0
131126,0,0,0,0,0,0,0,0,1,1,0
131153,0,0,0,0,0,0,0,0,1,1,0
131180,0,0,0,0,0,0,0,0,1,1,0
131194,0,0,1,0,0,0,0,0,0,0,0
131416,0,0,0,0,1,0,0,0,0,0,0
131417,0,0,0,0,1,0,0,0,0,0,0
131419,0,0,0,0,1,0,0,0,0,0,0
131422,0,0,0,0,1,0,0,0,0,0,0
131423,0,0,0,0,1,0,0,0,0,0,0
131424,0,0,0,0,1,0,0,0,0,0,0
131425,0,0,0,0,1,0,0,0,0,0,0
131436,0,0,0,0,0,0,0,1,0,0,0
131438,0,0,0,0,0,0,0,1,0,0,0
131439,0,0,0,0,0,0,0,1,0,0,0
131442,0,0,0,0,0,0,0,1,0,0,0
131443,0,0,0,0,0,0,0,1,0,0,0
131444,0,0,0,0,0,0,0,1,0,0,0
131446,0,0,0,0,0,0,0,1,0,0,0
131447,0,0,0,0,0,0,0,1,0,0,0
131448,0,0,0,0,0,0,0,1,0,0,0
131449,0,0,0,0,0,0,0,1,0,0,0
131450,0,0,0,0,0,0,0,1,0,0,0
131452,0,0,0,0,0,0,0,1,0,0,0
131453,0,0,0,0,0,0,0,1,0,0,0
131454,0,0,0,0,0,0,0,1,0,0,0
131551,0,0,0,0,0,1,0,0,1,1,0
131552,0,0,0,0,0,1,0,0,1,1,0
131553,0,0,0,0,0,1,0,0,1,1,0
131554,0,0,0,0,0,1,0,0,1,1,0
131570,0,0,0,1,0,0,0,0,0,0,0
131652,0,0,0,0,0,0,0,0,1,1,0
131658,0,0,0,0,0,0,0,0,1,1,0
131764,0,0,0,0,0,0,0,1,0,0,0
131766,0,0,0,0,0,0,0,1,0,0,0
131767,0,0,0,0,0,0,0,1,0,0,0
131768,0,0,0,0,0,0,0,1,0,0,0
131769,0,0,0,0,0,0,0,1,0,0,0
131770,0,0,0,0,0,0,0,1,0,0,0
131771,0,0,0,0,0,0,0,1,0,0,0
131772,0,0,0,0,0,0,0,1,0,0,0
131774,0,0,0,0,0,0,0,1,0,0,0
131835,0,0,0,0,0,0,0,0,0,1,0
131954,0,0,0,0,0,0,1,0,0,0,0
131955,0,0,0,0,0,0,1,0,0,0,0
131956,0,0,0,0,0,0,1,0,0,0,0
131957,0,0,0,0,0,0,1,0,0,0,0
131958,0,0,0,0,0,0,1,0,0,0,0
131959,0,0,0,0,0,0,1,0,0,0,0
131960,0,0,0,0,0,0,1,0,0,0,0
131961,0,0,0,0,0,0,1,0,0,0,0
131962,0,0,0,0,0,0,1,0,0,0,0
131963,0,0,0,0,0,0,1,0,0,0,0
131964,0,0,0,0,0,0,1,0,0,0,0
132022,0,0,0,1,0,0,0,0,0,0,0
132122,0,0,0,0,0,0,0,1,0,0,0
132130,0,0,1,0,0,0,0,0,0,0,1
132131,0,0,1,0,0,0,0,0,0,0,1
132132,0,0,1,0,0,0,0,0,0,0,0
132148,0,0,0,0,0,0,0,0,1,1,0
132309,0,0,0,1,0,0,0,0,0,0,0
132424,0,0,0,1,0,0,0,0,0,0,0
132431,0,0,0,1,0,0,0,0,0,0,0
132433,0,0,0,1,0,0,0,0,0,0,0
132435,0,0,0,1,0,0,0,0,0,0,0
132515,0,0,1,0,0,0,0,0,0,0,1
132516,0,0,1,0,0,0,0,0,0,0,1
132517,0,0,1,0,0,0,0,0,0,0,1
132522,0,0,1,0,0,0,0,0,0,0,1
132523,0,0,1,0,0,0,0,0,0,0,1
132597,0,0,0,1,0,0,0,0,0,0,0
132778,0,0,0,0,0,0,0,1,0,0,0
132779,0,0,0,0,0,0,0,1,0,0,0
132781,0,0,0,0,0,0,0,1,0,0,0
132784,0,0,0,0,0,0,0,1,0,0,0
132785,0,0,0,0,0,0,0,1,0,0,0
132787,0,0,0,0,0,0,0,1,0,0,0
132788,0,0,0,0,0,0,0,1,0,0,0
132789,0,0,0,0,0,0,0,1,0,0,0
132790,0,0,0,0,0,0,0,1,0,0,0
132791,0,0,0,0,0,0,0,1,0,0,0
132793,0,0,0,0,0,0,0,1,0,0,0
132795,0,0,0,0,0,0,0,1,0,0,0
132883,0,0,0,0,0,0,0,0,1,1,0
132901,0,0,0,0,0,0,0,0,0,1,0
132955,0,0,0,0,1,0,0,0,0,0,0
132960,0,0,0,0,1,0,0,0,0,0,0
132961,0,0,0,0,1,0,0,0,0,0,0
132964,0,0,0,0,1,0,0,0,0,0,0
133010,0,0,1,0,0,0,0,0,0,0,0
133320,0,0,0,1,0,0,0,0,0,0,0
133327,0,0,0,1,0,0,0,0,0,0,0
133333,0,0,0,1,0,0,0,0,0,0,0
133729,0,0,0,0,0,0,0,0,0,1,0
133730,0,0,0,0,0,0,0,0,0,1,0
133769,0,0,0,1,0,0,0,0,0,0,0
133849,0,0,1,0,0,0,0,0,0,0,1
133979,0,0,0,1,0,0,0,0,0,0,0
134048,0,1,1,0,0,0,0,0,0,0,0
134049,0,1,1,0,0,0,0,0,0,0,0
134050,0,1,1,0,0,0,0,0,0,0,0
134051,0,1,1,0,0,0,0,0,0,0,0
134052,0,1,1,0,0,0,0,0,0,0,0
134053,0,1,1,0,0,0,0,0,0,0,0
134054,0,1,1,0,0,0,0,0,0,0,0
134064,0,0,0,1,0,0,0,0,0,0,0
134188,0,0,0,0,0,0,0,0,1,1,0
134384,0,0,0,0,0,0,0,1,0,0,0
134385,0,0,0,0,0,0,0,1,0,0,0
134388,0,0,0,0,0,0,0,1,0,0,0
134389,0,0,0,0,0,0,0,1,0,0,0
134447,0,0,1,0,0,0,0,0,0,0,1
134448,0,0,1,0,0,0,0,0,0,0,1
134486,0,0,0,0,0,0,0,1,0,0,0
134509,0,0,0,0,1,0,0,0,0,0,0
134510,0,0,0,0,1,0,0,0,0,0,0
134549,0,0,1,0,0,0,0,0,0,0,1
134550,0,0,1,0,0,0,0,0,0,0,1
134551,0,0,1,0,0,0,0,0,0,0,1
134622,0,0,1,0,0,0,0,0,0,0,0
134648,0,0,0,0,0,0,0,0,1,1,0
134801,0,1,1,0,0,0,0,0,0,0,0
134824,0,0,0,0,1,0,0,0,0,0,0
134982,1,0,0,0,0,0,0,0,0,0,0
134983,1,0,0,0,0,0,0,0,0,0,0
134984,1,0,0,0,0,0,0,0,0,0,0
134985,1,0,0,0,0,0,0,0,0,0,0
134994,0,0,0,1,0,0,0,0,0,0,0
135091,0,0,0,1,0,0,0,0,0,0,0
135115,0,0,1,0,0,0,0,0,0,0,1
135118,0,0,1,0,0,0,0,0,0,0,1
135336,0,0,0,0,0,0,0,1,0,0,0
135337,0,0,0,0,0,0,0,1,0,0,0
135338,0,0,0,0,0,0,0,1,0,0,0
135339,0,0,0,0,0,0,0,1,0,0,0
135340,0,0,0,0,0,0,0,1,0,0,0
135341,0,0,0,0,0,0,0,1,0,0,0
135342,0,0,0,0,0,0,0,1,0,0,0
135375,0,0,0,0,0,0,0,0,0,1,0
136049,0,0,0,0,0,0,0,0,0,1,0
136084,1,0,0,0,0,0,0,0,0,0,0
136085,1,0,0,0,0,0,0,0,0,0,0
136086,1,0,0,0,0,0,0,0,0,0,0
136087,1,0,0,0,0,0,0,0,0,0,0
136088,1,0,0,0,0,0,0,0,0,0,0
136089,1,0,0,0,0,0,0,0,0,0,0
136113,0,0,0,0,0,0,0,0,1,1,0
136275,0,0,0,0,0,0,0,0,0,1,0
136323,0,0,1,0,0,0,0,0,0,0,0
136400,0,0,0,0,0,1,0,0,1,1,0
136401,0,0,0,0,0,1,0,0,1,1,0
136402,0,0,0,0,0,1,0,0,1,1,0
136403,0,0,0,0,0,1,0,0,1,1,0
136404,0,0,0,0,0,1,0,0,1,1,0
136467,0,0,0,0,1,0,0,0,0,0,0
136468,0,0,0,0,1,0,0,0,0,0,0
136637,0,0,0,1,0,0,0,0,0,0,0
136877,0,0,0,1,0,0,0,0,0,0,0
136888,0,0,0,1,0,0,0,0,0,0,0
136893,0,0,0,1,0,0,0,0,0,0,0
137135,0,0,0,1,0,0,0,0,0,0,0
137179,0,0,1,0,0,0,0,0,0,0,0
137213,0,0,0,0,0,0,0,0,1,1,0
137356,0,0,0,0,0,1,0,0,1,1,0
137397,0,0,1,0,0,0,0,0,0,0,0
137427,0,0,1,0,0,0,0,0,0,0,1
137428,0,0,1,0,0,0,0,0,0,0,1
137429,0,0,1,0,0,0,0,0,0,0,1
137435,0,0,1,0,0,0,0,0,0,0,1
137436,0,0,1,0,0,0,0,0,0,0,1
137484,0,0,0,1,0,0,0,0,0,0,0
137551,0,0,0,1,0,0,0,0,0,0,0
137558,0,0,0,1,0,0,0,0,0,0,0
137578,0,0,0,0,0,1,0,0,1,1,0
137579,0,0,0,0,0,1,0,0,1,1,0
137581,0,0,0,0,0,1,0,0,1,1,0
137582,0,0,0,0,0,1,0,0,1,1,0
137583,0,0,0,0,0,1,0,0,1,1,0
137584,0,0,0,0,0,1,0,0,1,1,0
137585,0,0,0,0,0,1,0,0,1,1,0
137586,0,0,0,0,0,1,0,0,1,1,0
137587,0,0,0,0,0,1,0,0,1,1,0
137588,0,0,0,0,0,1,0,0,1,1,0
137589,0,0,0,0,0,1,0,0,1,1,0
137590,0,0,0,0,0,1,0,0,1,1,0
137591,0,0,0,0,0,1,0,0,1,1,0
137592,0,0,0,0,0,1,0,0,1,1,0
137593,0,0,0,0,0,1,0,0,1,1,0
137624,0,0,0,0,0,1,0,0,1,1,0
137625,0,0,0,0,0,1,0,0,1,1,0
137627,0,0,0,0,0,1,0,0,1,1,0
137629,0,0,0,0,0,1,0,0,1,1,0
137630,0,0,0,0,0,1,0,0,1,1,0
137631,0,0,0,0,0,1,0,0,1,1,0
137632,0,0,0,0,0,1,0,0,1,1,0
137728,0,0,0,0,0,0,0,0,0,1,0
137740,0,0,0,0,0,0,0,0,1,1,0
137866,0,0,0,0,0,0,0,0,0,1,0
137892,0,0,0,0,1,0,0,0,0,0,0
137894,0,0,0,0,1,0,0,0,0,0,0
137895,0,0,0,0,1,0,0,0,0,0,0
137899,0,0,0,0,1,0,0,0,0,0,0
137920,0,0,1,0,0,0,0,0,0,0,1
137925,0,0,1,0,0,0,0,0,0,0,1
137926,0,0,1,0,0,0,0,0,0,0,1
137929,0,0,0,0,0,0,0,0,0,1,0
137942,0,0,0,0,0,0,0,0,1,1,0
137950,0,0,0,0,0,0,0,0,1,1,0
137991,0,0,0,0,0,1,0,0,0,1,0
137992,0,0,0,0,0,1,0,0,0,1,0
137994,0,0,0,0,0,1,0,0,0,1,0
137995,0,0,0,0,0,1,0,0,0,1,0
137996,0,0,0,0,0,1,0,0,0,1,0
137997,0,0,0,0,0,1,0,0,0,1,0
137998,0,0,0,0,0,1,0,0,0,1,0
138007,0,0,0,0,0,1,0,0,0,1,0
138008,0,0,0,0,0,1,0,0,0,1,0
138010,0,0,0,0,0,1,0,0,0,1,0
138038,0,0,0,0,0,0,0,1,0,0,0
138039,0,0,0,0,0,0,0,1,0,0,0
138040,0,0,0,0,0,0,0,1,0,0,0
138041,0,0,0,0,0,0,0,1,0,0,0
138062,0,0,0,0,0,0,0,1,0,0,0
138063,0,0,0,0,0,0,0,1,0,0,0
138064,0,0,0,0,0,0,0,1,0,0,0
138065,0,0,0,0,0,0,0,1,0,0,0
138067,0,0,0,0,0,0,0,1,0,0,0
138068,0,0,0,0,0,0,0,1,0,0,0
138069,0,0,0,0,0,0,0,1,0,0,0
138070,0,0,0,0,0,0,0,1,0,0,0
138071,0,0,0,0,0,0,0,1,0,0,0
138134,0,0,1,0,0,0,0,0,0,0,0
138206,0,0,0,0,0,0,0,0,0,1,0
138211,0,0,0,0,0,0,0,0,0,1,0
138212,0,0,0,0,1,0,0,0,0,0,0
138213,0,0,0,0,1,0,0,0,0,0,0
138215,0,0,0,0,1,0,0,0,0,0,0
138216,0,0,0,0,1,0,0,0,0,0,0
138217,0,0,0,0,1,0,0,0,0,0,0
138218,0,0,0,0,1,0,0,0,0,0,0
138262,0,0,0,1,0,0,0,0,0,0,0
138311,0,0,0,0,0,0,0,0,1,1,0
138317,0,0,0,0,0,0,0,0,1,1,0
138342,0,0,0,1,0,0,0,0,0,0,0
138347,0,0,0,1,0,0,0,0,0,0,0
138480,0,0,1,0,0,0,0,0,0,0,1
138489,0,0,1,0,0,0,0,0,0,0,1
138578,0,1,1,0,0,0,0,0,0,0,1
138579,0,1,1,0,0,0,0,0,0,0,1
138580,0,1,1,0,0,0,0,0,0,0,1
138581,0,1,1,0,0,0,0,0,0,0,1
138925,0,0,0,1,0,0,0,0,0,0,0
138930,0,0,0,1,0,0,0,0,0,0,0
139059,1,0,0,0,0,0,0,0,0,0,0
139060,1,0,0,0,0,0,0,0,0,0,0
139061,1,0,0,0,0,0,0,0,0,0,0
139062,1,0,0,0,0,0,0,0,0,0,0
139063,1,0,0,0,0,0,0,0,0,0,0
139064,1,0,0,0,0,0,0,0,0,0,0
139065,1,0,0,0,0,0,0,0,0,0,0
139066,1,0,0,0,0,0,0,0,0,0,0
139117,0,0,0,0,0,0,0,0,1,1,0
139122,0,0,0,0,0,0,0,0,1,1,0
139145,0,0,1,0,0,0,0,0,0,0,0
139332,0,0,0,1,0,0,0,0,0,0,0
139363,0,0,0,1,0,0,0,0,0,0,0
139459,0,0,0,0,0,0,0,0,1,1,0
139632,0,0,1,0,0,0,0,0,0,0,0
139686,0,0,0,1,0,0,0,0,0,0,0
139688,0,0,0,1,0,0,0,0,0,0,0
139718,0,1,1,0,0,0,0,0,0,0,1
139719,0,1,1,0,0,0,0,0,0,0,1
139720,0,1,1,0,0,0,0,0,0,0,1
139721,0,1,1,0,0,0,0,0,0,0,1
139722,0,1,1,0,0,0,0,0,0,0,1
139723,0,1,1,0,0,0,0,0,0,0,1
139724,0,1,1,0,0,0,0,0,0,0,1
139725,0,1,1,0,0,0,0,0,0,0,1
139726,0,1,1,0,0,0,0,0,0,0,1
139727,0,1,1,0,0,0,0,0,0,0,1
139728,0,1,1,0,0,0,0,0,0,0,1
139729,0,1,1,0,0,0,0,0,0,0,1
139766,0,0,0,0,0,0,0,0,1,1,0
139769,0,0,0,0,0,0,0,0,1,1,0
139804,0,0,0,1,0,0,0,0,0,0,0
139875,0,0,0,1,0,0,0,0,0,0,0
139904,0,0,0,0,0,0,0,0,1,1,0
139933,0,1,1,0,0,0,0,0,0,0,0
139934,0,1,1,0,0,0,0,0,0,0,0
139935,0,1,1,0,0,0,0,0,0,0,0
139936,0,1,1,0,0,0,0,0,0,0,0
139937,0,1,1,0,0,0,0,0,0,0,0
140005,0,0,1,0,0,0,0,0,0,0,0
140044,0,0,0,0,0,0,0,0,0,1,0
140135,0,0,1,0,0,0,0,0,0,0,1
140197,0,0,0,0,0,0,0,0,1,1,0
140266,0,0,0,1,0,0,0,0,0,0,0
140303,0,0,1,0,0,0,0,0,0,0,0
140316,0,0,0,1,0,0,0,0,0,0,0
140335,0,0,1,0,0,0,0,0,0,0,0
140340,0,0,1,0,0,0,0,0,0,0,0
140562,0,0,1,0,0,0,0,0,0,0,1
140563,0,0,1,0,0,0,0,0,0,0,1
140602,0,0,0,0,1,0,0,0,0,0,0
140611,0,0,0,0,1,0,0,0,0,0,0
140612,0,0,0,0,1,0,0,0,0,0,0
140613,0,0,0,0,1,0,0,0,0,0,0
140616,0,0,0,0,1,0,0,0,0,0,0
140618,0,0,0,0,1,0,0,0,0,0,0
140619,0,0,0,0,1,0,0,0,0,0,0
140621,0,0,0,0,1,0,0,0,0,0,0
140622,0,0,0,0,1,0,0,0,0,0,0
140624,0,0,0,0,1,0,0,0,0,0,0
140922,0,1,1,0,0,0,0,0,0,0,0
140923,0,1,1,0,0,0,0,0,0,0,0
140924,0,1,1,0,0,0,0,0,0,0,0
140925,0,1,1,0,0,0,0,0,0,0,0
140926,0,1,1,0,0,0,0,0,0,0,0
140935,0,0,0,1,0,0,0,0,0,0,0
140939,0,0,0,1,0,0,0,0,0,0,0
140941,1,0,0,0,0,0,0,0,0,0,0
140942,1,0,0,0,0,0,0,0,0,0,0
140943,1,0,0,0,0,0,0,0,0,0,0
140944,1,0,0,0,0,0,0,0,0,0,0
140945,1,0,0,0,0,0,0,0,0,0,0
140946,1,0,0,0,0,0,0,0,0,0,0
140948,1,0,0,0,0,0,0,0,0,0,0
140949,1,0,0,0,0,0,0,0,0,0,0
140950,1,0,0,0,0,0,0,0,0,0,0
140951,1,0,0,0,0,0,0,0,0,0,0
140952,1,0,0,0,0,0,0,0,0,0,0
141115,0,0,0,0,1,0,0,0,0,0,0
141158,0,0,0,0,1,0,0,0,0,0,0
141161,0,0,0,0,1,0,0,0,0,0,0
141168,0,0,0,0,1,0,0,0,0,0,0
141179,0,0,0,0,0,0,0,1,0,0,0
141182,0,0,0,0,0,0,0,1,0,0,0
141230,0,0,1,0,0,0,0,0,0,0,1
141231,0,0,1,0,0,0,0,0,0,0,1
141304,0,0,0,0,1,0,0,0,0,0,0
141310,0,1,1,0,0,0,0,0,0,0,0
141368,0,0,0,0,1,0,0,0,0,0,0
141371,0,0,0,0,1,0,0,0,0,0,0
141561,0,0,0,0,1,0,0,0,0,0,0
141563,0,0,0,0,1,0,0,0,0,0,0
141565,0,0,0,0,1,0,0,0,0,0,0
141566,0,0,0,0,1,0,0,0,0,0,0
141735,0,0,0,0,1,0,0,0,0,0,0
141869,0,0,1,0,0,0,0,0,0,0,1
141871,0,0,1,0,0,0,0,0,0,0,1
141872,0,0,1,0,0,0,0,0,0,0,1
141874,0,0,1,0,0,0,0,0,0,0,1
141894,0,0,0,0,0,1,0,0,0,1,0
141901,0,0,0,0,0,0,0,1,0,0,0
141902,0,0,0,0,0,0,0,1,0,0,0
141903,0,0,0,0,0,0,0,1,0,0,0
141975,0,0,0,1,0,0,0,0,0,0,0
142083,0,0,0,0,1,0,0,0,0,0,0
142084,0,0,0,0,1,0,0,0,0,0,0
142085,0,0,0,0,1,0,0,0,0,0,0
142087,0,0,0,0,1,0,0,0,0,0,0
142089,0,0,0,0,1,0,0,0,0,0,0
142145,0,0,0,0,0,0,0,0,1,1,0
142292,0,0,0,0,0,0,0,0,1,1,0
142300,0,0,0,0,0,0,0,0,1,1,0
142361,0,0,0,0,1,0,0,0,0,0,0
142389,0,0,0,0,0,1,0,0,1,1,0
142391,0,0,0,0,0,1,0,0,0,1,0
142392,0,0,0,0,0,1,0,0,0,1,0
142393,0,0,0,0,0,1,0,0,0,1,0
142395,0,0,0,0,0,1,0,0,0,1,0
142396,0,0,0,0,0,1,0,0,0,1,0
142397,0,0,0,0,0,1,0,0,0,1,0
142398,0,0,0,0,0,1,0,0,0,1,0
142399,0,0,0,0,0,1,0,0,0,1,0
142401,0,0,0,0,0,1,0,0,0,1,0
142402,0,0,0,0,0,1,0,0,0,1,0
142411,0,0,0,0,0,1,0,0,0,1,0
142413,0,0,0,0,0,1,0,0,0,1,0
142414,0,0,0,0,0,1,0,0,0,1,0
142415,0,0,0,0,0,1,0,0,0,1,0
142417,0,0,0,0,0,1,0,0,0,1,0
142418,0,0,0,0,0,1,0,0,0,1,0
142454,0,0,1,0,0,0,0,0,0,0,0
142549,0,0,0,0,0,0,0,1,0,0,0
142550,0,0,0,0,0,0,0,1,0,0,0
142551,0,0,0,0,0,0,0,1,0,0,0
142553,0,0,0,0,0,0,0,1,0,0,0
142559,0,0,0,0,0,0,0,0,1,1,0
142672,0,0,0,0,1,0,0,0,0,0,0
143040,0,0,0,1,0,0,0,0,0,0,0
143061,0,0,1,0,0,0,0,0,0,0,0
143085,0,0,0,0,0,0,0,1,0,0,0
143090,0,0,0,0,0,0,0,1,0,0,0
143108,0,0,0,0,0,0,0,0,0,1,0
143128,0,0,1,0,0,0,0,0,0,0,1
143137,1,0,0,0,0,0,0,0,0,0,0
143138,1,0,0,0,0,0,0,0,0,0,0
143139,1,0,0,0,0,0,0,0,0,0,0
143142,1,0,0,0,0,0,0,0,0,0,0
143143,1,0,0,0,0,0,0,0,0,0,0
143144,1,0,0,0,0,0,0,0,0,0,0
143145,1,0,0,0,0,0,0,0,0,0,0
143146,1,0,0,0,0,0,0,0,0,0,0
143214,0,0,0,0,0,0,0,0,0,1,0
143237,0,0,0,0,0,0,0,1,0,0,0
143318,0,0,0,0,0,1,0,0,0,1,0
143943,0,0,0,0,0,0,0,0,1,1,0
143971,0,0,0,0,1,0,0,0,0,0,0
143986,0,0,0,0,1,0,0,0,0,0,0
143988,0,0,0,0,1,0,0,0,0,0,0
144161,0,0,0,0,1,0,0,0,0,0,0
144163,0,0,0,0,1,0,0,0,0,0,0
144165,0,0,0,0,1,0,0,0,0,0,0
144166,0,0,0,0,1,0,0,0,0,0,0
144168,0,0,0,0,1,0,0,0,0,0,0
144171,0,0,0,0,1,0,0,0,0,0,0
144176,0,0,0,0,1,0,0,0,0,0,0
144178,0,0,0,0,1,0,0,0,0,0,0
144179,0,0,0,0,1,0,0,0,0,0,0
144180,0,0,0,0,1,0,0,0,0,0,0
144216,0,0,0,0,1,0,0,0,0,0,0
144244,0,0,1,0,0,0,0,0,0,0,0
144394,0,0,1,0,0,0,0,0,0,0,1
144395,0,0,1,0,0,0,0,0,0,0,1
144398,0,0,1,0,0,0,0,0,0,0,1
144399,0,0,1,0,0,0,0,0,0,0,1
144422,0,0,1,0,0,0,0,0,0,0,1
144423,0,0,1,0,0,0,0,0,0,0,1
144560,0,0,1,0,0,0,0,0,0,0,1
144573,0,0,1,0,0,0,0,0,0,0,1
144574,0,0,1,0,0,0,0,0,0,0,1
144575,0,0,1,0,0,0,0,0,0,0,1
144587,0,0,0,0,0,0,0,1,0,0,0
144590,0,0,0,0,0,0,0,0,1,1,0
144725,0,0,1,0,0,0,0,0,0,0,0
144728,0,0,1,0,0,0,0,0,0,0,0
144803,0,0,0,1,0,0,0,0,0,0,0
144933,0,0,0,0,0,0,0,1,0,0,0
144934,0,0,0,0,0,0,0,1,0,0,0
144936,0,0,0,0,0,0,0,1,0,0,0
144937,0,0,0,0,0,0,0,1,0,0,0
144940,0,0,0,0,0,0,0,1,0,0,0
144941,0,0,0,0,0,0,0,1,0,0,0
144942,0,0,0,0,0,0,0,1,0,0,0
144943,0,0,0,0,0,0,0,1,0,0,0
144944,0,0,0,0,0,0,0,1,0,0,0
144945,0,0,0,0,0,0,0,1,0,0,0
144946,0,0,0,0,0,0,0,1,0,0,0
145022,0,0,0,0,0,1,0,0,0,1,0
145023,0,0,0,0,0,1,0,0,0,1,0
145024,0,0,0,0,0,1,0,0,0,1,0
145025,0,0,0,0,0,1,0,0,0,1,0
145026,0,0,0,0,0,1,0,0,0,1,0
145027,0,0,0,0,0,1,0,0,0,1,0
145035,0,1,1,0,0,0,0,0,0,0,0
145036,0,1,1,0,0,0,0,0,0,0,0
145037,0,1,1,0,0,0,0,0,0,0,0
145038,0,1,1,0,0,0,0,0,0,0,0
145039,0,1,1,0,0,0,0,0,0,0,0
145040,0,1,1,0,0,0,0,0,0,0,0
145041,0,1,1,0,0,0,0,0,0,0,0
145042,0,1,1,0,0,0,0,0,0,0,0
145058,0,0,0,1,0,0,0,0,0,0,0
145059,0,0,0,1,0,0,0,0,0,0,0
145065,0,0,0,0,0,1,0,0,1,1,0
145066,0,0,0,0,0,1,0,0,1,1,0
145067,0,0,0,0,0,1,0,0,1,1,0
145068,0,0,0,0,0,1,0,0,1,1,0
145073,0,0,0,1,0,0,0,0,0,0,0
145206,1,0,0,0,0,0,0,0,0,0,0
145207,1,0,0,0,0,0,0,0,0,0,0
145208,1,0,0,0,0,0,0,0,0,0,0
145209,1,0,0,0,0,0,0,0,0,0,0
145403,0,0,0,0,0,0,0,0,1,1,0
145461,0,0,1,0,0,0,0,0,0,0,1
145462,0,0,1,0,0,0,0,0,0,0,1
145549,0,1,1,0,0,0,0,0,0,0,0
145563,1,0,0,0,0,0,0,0,0,0,0
145564,1,0,0,0,0,0,0,0,0,0,0
145565,1,0,0,0,0,0,0,0,0,0,0
145566,1,0,0,0,0,0,0,0,0,0,0
145567,1,0,0,0,0,0,0,0,0,0,0
145568,1,0,0,0,0,0,0,0,0,0,0
145569,1,0,0,0,0,0,0,0,0,0,0
145570,1,0,0,0,0,0,0,0,0,0,0
145571,1,0,0,0,0,0,0,0,0,0,0
145572,1,0,0,0,0,0,0,0,0,0,0
145602,0,0,0,0,0,0,0,0,0,1,0
145603,0,0,0,0,0,0,0,0,0,1,0
145607,0,0,0,0,0,1,0,0,1,1,0
145608,0,0,0,0,0,1,0,0,1,1,0
145609,0,0,0,0,0,1,0,0,1,1,0
145610,0,0,0,0,0,1,0,0,1,1,0
145645,0,1,1,0,0,0,0,0,0,0,0
145646,0,1,1,0,0,0,0,0,0,0,0
145653,0,0,0,0,0,0,0,1,0,0,0
145702,0,0,0,0,0,0,0,1,0,0,0
145703,0,0,0,0,0,0,0,1,0,0,0
145704,0,0,0,0,0,0,0,1,0,0,0
145705,0,0,0,0,0,0,0,1,0,0,0
145706,0,0,0,0,0,0,0,1,0,0,0
145707,0,0,0,0,0,0,0,1,0,0,0
145709,0,0,0,0,0,0,0,1,0,0,0
145711,0,0,0,0,0,0,0,1,0,0,0
145725,0,0,0,0,1,0,0,0,0,0,0
145728,0,0,0,0,1,0,0,0,0,0,0
145741,0,0,0,0,1,0,0,0,0,0,0
145746,0,0,0,0,1,0,0,0,0,0,0
145764,0,0,0,0,0,0,0,0,1,1,0
145765,0,0,0,0,0,0,0,0,1,1,0
145779,0,0,0,0,0,0,0,0,1,1,0
145780,0,0,0,0,0,0,0,0,1,1,0
145986,0,0,0,0,0,0,0,0,0,1,0
146000,1,0,0,0,0,0,0,0,0,0,0
146002,1,0,0,0,0,0,0,0,0,0,0
146150,0,0,0,0,1,0,0,0,0,0,0
146151,0,0,0,0,1,0,0,0,0,0,0
146152,0,0,0,0,1,0,0,0,0,0,0
146429,0,0,0,1,0,0,0,0,0,0,0
146456,0,0,1,0,0,0,0,0,0,0,1
146537,0,0,0,0,0,0,0,0,1,1,0
146683,0,0,0,0,1,0,0,0,0,0,0
146687,0,0,0,0,1,0,0,0,0,0,0
146708,0,0,0,0,1,0,0,0,0,0,0
146714,0,0,0,0,1,0,0,0,0,0,0
146715,0,0,0,0,1,0,0,0,0,0,0
146719,0,0,0,0,1,0,0,0,0,0,0
146722,0,0,0,0,1,0,0,0,0,0,0
146723,0,0,0,0,1,0,0,0,0,0,0
146725,0,0,0,0,1,0,0,0,0,0,0
146726,0,0,0,0,1,0,0,0,0,0,0
146949,0,0,0,0,0,1,0,0,0,1,0
147010,0,0,1,0,0,0,0,0,0,0,0
147020,0,0,0,0,1,0,0,0,0,0,0
147059,0,0,0,1,0,0,0,0,0,0,0
147087,0,0,0,1,0,0,0,0,0,0,0
147161,0,0,1,0,0,0,0,0,0,0,0
147171,0,0,0,1,0,0,0,0,0,0,0
147266,0,0,0,0,1,0,0,0,0,0,0
147267,0,0,0,0,1,0,0,0,0,0,0
147268,0,0,0,0,1,0,0,0,0,0,0
147301,0,0,1,0,0,0,0,0,0,0,0
147302,0,0,1,0,0,0,0,0,0,0,0
147307,0,0,1,0,0,0,0,0,0,0,0
147376,0,0,0,0,0,0,0,0,0,1,0
147414,0,0,0,0,0,1,0,0,1,1,0
147415,0,0,0,0,0,1,0,0,1,1,0
147416,0,0,0,0,0,1,0,0,1,1,0
147736,0,0,0,0,0,0,0,0,1,1,0
147804,0,1,1,0,0,0,0,0,0,0,0
147805,0,1,1,0,0,0,0,0,0,0,0
147806,0,1,1,0,0,0,0,0,0,0,0
147808,0,1,1,0,0,0,0,0,0,0,0
147809,0,1,1,0,0,0,0,0,0,0,0
147810,0,1,1,0,0,0,0,0,0,0,0
147811,0,1,1,0,0,0,0,0,0,0,0
147812,0,1,1,0,0,0,0,0,0,0,0
147814,0,1,1,0,0,0,0,0,0,0,0
147815,0,1,1,0,0,0,0,0,0,0,0
147881,0,0,0,0,1,0,0,0,0,0,0
147883,0,0,0,0,1,0,0,0,0,0,0
147886,0,0,0,0,1,0,0,0,0,0,0
148015,0,0,1,0,0,0,0,0,0,0,1
148016,0,0,1,0,0,0,0,0,0,0,1
148018,0,0,1,0,0,0,0,0,0,0,1
148030,0,0,0,0,1,0,0,0,0,0,0
148031,0,0,0,0,1,0,0,0,0,0,0
148032,0,0,0,0,1,0,0,0,0,0,0
148062,0,0,1,0,0,0,0,0,0,0,1
148080,0,0,0,1,0,0,0,0,0,0,0
148081,0,0,0,1,0,0,0,0,0,0,0
148096,0,0,0,0,0,1,0,0,0,1,0
148099,0,0,0,1,0,0,0,0,0,0,0
148163,0,0,0,1,0,0,0,0,0,0,0
148241,0,0,0,1,0,0,0,0,0,0,0
148285,0,0,0,0,0,0,0,1,0,0,0
148286,0,0,0,0,0,0,0,1,0,0,0
148287,0,0,0,0,0,0,0,1,0,0,0
148288,0,0,0,0,0,0,0,1,0,0,0
148289,0,0,0,0,0,0,0,1,0,0,0
148290,0,0,0,0,0,0,0,1,0,0,0
148300,0,0,0,1,0,0,0,0,0,0,0
148301,0,0,0,1,0,0,0,0,0,0,0
148303,0,0,0,1,0,0,0,0,0,0,0
148305,0,0,0,1,0,0,0,0,0,0,0
148439,0,0,1,0,0,0,0,0,0,0,1
148442,0,0,1,0,0,0,0,0,0,0,1
148443,0,0,1,0,0,0,0,0,0,0,1
148444,0,0,1,0,0,0,0,0,0,0,1
148468,0,0,0,1,0,0,0,0,0,0,0
148469,0,0,0,1,0,0,0,0,0,0,0
148488,1,0,0,0,0,0,0,0,0,0,0
148490,1,0,0,0,0,0,0,0,0,0,0
148510,0,0,0,0,0,0,0,1,0,0,0
148511,0,0,0,0,0,0,0,1,0,0,0
148512,0,0,0,0,0,0,0,1,0,0,0
148514,0,0,0,0,0,0,0,1,0,0,0
148515,0,0,0,0,0,0,0,1,0,0,0
148516,0,0,0,0,0,0,0,1,0,0,0
148517,0,0,0,0,0,0,0,1,0,0,0
148518,0,0,0,0,0,0,0,1,0,0,0
148519,0,0,0,0,0,0,0,1,0,0,0
148583,0,0,0,0,0,0,0,1,0,0,0
148584,0,0,0,0,0,0,0,1,0,0,0
148585,0,0,0,0,0,0,0,1,0,0,0
148586,0,0,0,0,0,0,0,1,0,0,0
148592,0,0,0,0,0,0,0,0,0,1,0
148601,0,0,0,0,0,0,0,0,0,1,0
148606,0,0,0,0,0,0,0,1,0,0,0
148607,0,0,0,0,0,0,0,1,0,0,0
148608,0,0,0,0,0,0,0,1,0,0,0
148610,0,0,0,0,0,0,0,1,0,0,0
148611,0,0,0,0,0,0,0,1,0,0,0
148612,0,0,0,0,0,0,0,1,0,0,0
148613,0,0,0,0,0,0,0,1,0,0,0
148625,0,0,0,0,0,0,0,0,0,1,0
148627,0,0,0,0,0,1,0,0,0,1,0
148631,0,0,0,0,0,1,0,0,0,1,0
148633,0,0,0,0,0,1,0,0,0,1,0
148634,0,0,0,0,0,1,0,0,0,1,0
148635,0,0,0,0,0,1,0,0,0,1,0
148643,1,0,0,0,0,0,0,0,0,0,0
148644,1,0,0,0,0,0,0,0,0,0,0
148645,1,0,0,0,0,0,0,0,0,0,0
148646,1,0,0,0,0,0,0,0,0,0,0
148647,1,0,0,0,0,0,0,0,0,0,0
148648,1,0,0,0,0,0,0,0,0,0,0
148649,1,0,0,0,0,0,0,0,0,0,0
148650,1,0,0,0,0,0,0,0,0,0,0
148651,1,0,0,0,0,0,0,0,0,0,0
148653,1,0,0,0,0,0,0,0,0,0,0
148836,0,1,1,0,0,0,0,0,0,0,0
148840,0,1,1,0,0,0,0,0,0,0,0
148841,0,1,1,0,0,0,0,0,0,0,0
148842,0,1,1,0,0,0,0,0,0,0,0
148843,0,1,1,0,0,0,0,0,0,0,0
148844,0,1,1,0,0,0,0,0,0,0,0
148846,0,1,1,0,0,0,0,0,0,0,0
148847,0,1,1,0,0,0,0,0,0,0,0
148936,0,0,0,0,0,0,0,0,0,1,0
148998,0,0,0,1,0,0,0,0,0,0,0
149068,0,0,0,0,0,0,0,0,1,1,0
149075,0,0,0,0,0,0,0,1,0,0,0
149077,0,0,0,0,0,0,0,1,0,0,0
149078,0,0,0,0,0,0,0,1,0,0,0
149080,0,0,0,0,0,0,0,1,0,0,0
149081,0,0,0,0,0,0,0,1,0,0,0
149083,0,0,0,0,0,0,0,1,0,0,0
149099,0,0,0,0,0,0,0,1,0,0,0
149101,0,0,0,0,0,0,0,1,0,0,0
149102,0,0,0,0,0,0,0,1,0,0,0
149103,0,0,0,0,0,0,0,1,0,0,0
149118,0,0,0,0,1,0,0,0,0,0,0
149120,0,0,0,0,1,0,0,0,0,0,0
149131,0,0,0,0,1,0,0,0,0,0,0
149148,0,0,0,0,0,0,0,0,1,1,0
149209,0,0,0,0,0,1,0,0,1,1,0
149210,0,0,0,0,0,1,0,0,1,1,0
149211,0,0,0,0,0,1,0,0,1,1,0
149212,0,0,0,0,0,1,0,0,1,1,0
149213,0,0,0,0,0,1,0,0,1,1,0
149214,0,0,0,0,0,1,0,0,1,1,0
149370,0,0,0,0,1,0,0,0,0,0,0
149416,0,0,0,0,0,0,0,0,1,1,0
149422,0,0,0,1,0,0,0,0,0,0,0
149488,0,0,0,0,0,1,0,0,0,1,0
149489,0,0,0,0,0,1,0,0,0,1,0
149514,0,0,0,0,0,0,0,0,0,1,0
149563,0,0,0,0,0,0,0,0,1,1,0
149619,0,0,0,0,1,0,0,0,0,0,0
149626,0,0,0,0,1,0,0,0,0,0,0
149647,0,0,0,0,0,1,0,0,0,1,0
149663,0,0,0,0,0,1,0,0,1,1,0
149668,0,0,0,0,0,1,0,0,1,1,0
149669,0,0,0,0,0,1,0,0,1,1,0
149670,0,0,0,0,0,1,0,0,1,1,0
149671,0,0,0,0,0,1,0,0,1,1,0
149685,0,0,0,0,1,0,0,0,0,0,0
149694,0,0,0,0,0,1,0,0,0,1,0
149695,0,0,0,0,0,1,0,0,0,1,0
149696,0,0,0,0,0,1,0,0,0,1,0
149702,1,0,0,0,0,0,0,0,0,0,0
149703,1,0,0,0,0,0,0,0,0,0,0
149705,1,0,0,0,0,0,0,0,0,0,0
149706,1,0,0,0,0,0,0,0,0,0,0
149707,1,0,0,0,0,0,0,0,0,0,0
149708,1,0,0,0,0,0,0,0,0,0,0
149709,1,0,0,0,0,0,0,0,0,0,0
149710,0,0,0,0,0,1,0,0,0,1,0
149728,0,0,0,0,0,0,0,0,1,1,0
149735,1,0,0,0,0,0,0,0,0,0,0
149750,0,0,0,0,0,0,0,1,0,0,0
149775,0,0,0,1,0,0,0,0,0,0,0
149841,0,0,0,1,0,0,0,0,0,0,0
149890,0,0,0,1,0,0,0,0,0,0,0
149913,0,0,0,1,0,0,0,0,0,0,0
150014,0,0,0,0,0,0,0,1,0,0,0
150015,0,0,0,0,0,0,0,1,0,0,0
150017,0,0,0,0,0,0,0,1,0,0,0
150018,0,0,0,0,0,0,0,1,0,0,0
150035,0,0,0,1,0,0,0,0,0,0,0
150036,0,0,0,1,0,0,0,0,0,0,0
150157,0,0,0,0,1,0,0,0,0,0,0
150160,0,0,0,0,1,0,0,0,0,0,0
150164,0,0,0,0,1,0,0,0,0,0,0
150165,0,0,0,0,1,0,0,0,0,0,0
150284,0,0,0,0,1,0,0,0,0,0,0
150286,0,0,0,0,1,0,0,0,0,0,0
150287,0,0,0,0,1,0,0,0,0,0,0
150354,0,0,1,0,0,0,0,0,0,0,1
150357,0,0,1,0,0,0,0,0,0,0,1
150395,0,0,0,1,0,0,0,0,0,0,0
150399,0,0,0,1,0,0,0,0,0,0,0
150983,0,0,1,0,0,0,0,0,0,0,1
150985,0,0,1,0,0,0,0,0,0,0,1
150986,0,0,1,0,0,0,0,0,0,0,1
151037,0,0,1,0,0,0,0,0,0,0,1
151038,0,0,1,0,0,0,0,0,0,0,1
151039,0,1,1,0,0,0,0,0,0,0,0
151040,0,1,1,0,0,0,0,0,0,0,0
151041,0,1,1,0,0,0,0,0,0,0,0
151045,0,1,1,0,0,0,0,0,0,0,0
151047,0,1,1,0,0,0,0,0,0,0,0
151048,0,1,1,0,0,0,0,0,0,0,0
151049,0,1,1,0,0,0,0,0,0,0,0
151050,0,1,1,0,0,0,0,0,0,0,0
151051,0,1,1,0,0,0,0,0,0,0,0
151053,0,1,1,0,0,0,0,0,0,0,0
151054,0,1,1,0,0,0,0,0,0,0,0
151055,0,1,1,0,0,0,0,0,0,0,0
151061,0,1,1,0,0,0,0,0,0,0,0
151062,0,1,1,0,0,0,0,0,0,0,0
151063,0,1,1,0,0,0,0,0,0,0,0
151064,0,1,1,0,0,0,0,0,0,0,0
151112,0,0,1,0,0,0,0,0,0,0,1
151113,0,0,1,0,0,0,0,0,0,0,1
151137,0,0,0,0,0,0,0,0,0,1,0
151402,0,0,1,0,0,0,0,0,0,0,0
151515,0,0,0,0,0,0,0,0,1,1,0
151535,0,0,1,0,0,0,0,0,0,0,1
151536,0,0,1,0,0,0,0,0,0,0,1
151557,0,0,1,0,0,0,0,0,0,0,1
151728,0,0,0,0,0,1,0,0,0,1,0
151729,0,0,0,0,0,1,0,0,0,1,0
151730,0,0,0,0,0,1,0,0,0,1,0
151731,0,0,0,0,0,1,0,0,0,1,0
151766,0,0,1,0,0,0,0,0,0,0,1
151968,0,0,0,0,0,0,0,0,1,1,0
152318,0,0,1,0,0,0,0,0,0,0,0
152327,0,0,1,0,0,0,0,0,0,0,1
152331,0,0,1,0,0,0,0,0,0,0,1
152332,0,0,1,0,0,0,0,0,0,0,1
152363,0,0,1,0,0,0,0,0,0,0,1
152364,0,0,1,0,0,0,0,0,0,0,1
152460,0,0,1,0,0,0,0,0,0,0,1
152465,0,0,1,0,0,0,0,0,0,0,1
152534,0,0,0,0,1,0,0,0,0,0,0
152537,0,0,0,0,1,0,0,0,0,0,0
152540,0,0,0,0,1,0,0,0,0,0,0
152544,0,0,0,0,1,0,0,0,0,0,0
152624,0,0,0,0,0,1,0,0,0,1,0
152625,0,0,0,0,0,1,0,0,0,1,0
152681,0,0,0,0,0,0,0,0,0,1,0
152704,0,0,1,0,0,0,0,0,0,0,0
152844,1,0,0,0,0,0,0,0,0,0,0
153333,0,0,0,0,1,0,0,0,0,0,0
153334,0,0,0,0,1,0,0,0,0,0,0
153335,0,0,0,0,1,0,0,0,0,0,0
153336,0,0,0,0,1,0,0,0,0,0,0
153337,0,0,0,0,1,0,0,0,0,0,0
153365,0,0,0,0,0,0,0,0,1,1,0
153425,0,0,0,0,0,0,0,1,0,0,0
153452,0,0,0,0,0,0,0,1,0,0,0
153865,0,0,0,1,0,0,0,0,0,0,0
153919,0,0,0,0,0,1,0,0,0,1,0
153955,0,0,0,0,0,0,0,1,0,0,0
153956,0,0,0,0,0,0,0,1,0,0,0
154046,0,0,0,0,0,0,0,0,0,1,0
154232,0,0,0,0,0,0,0,0,1,1,0
154295,0,0,0,0,1,0,0,0,0,0,0
154300,0,0,0,0,1,0,0,0,0,0,0
154301,0,0,0,0,1,0,0,0,0,0,0
154303,0,0,0,0,1,0,0,0,0,0,0
154309,0,0,0,0,1,0,0,0,0,0,0
154352,0,1,1,0,0,0,0,0,0,0,0
154354,0,1,1,0,0,0,0,0,0,0,0
154355,0,1,1,0,0,0,0,0,0,0,0
154358,0,1,1,0,0,0,0,0,0,0,0
154359,0,1,1,0,0,0,0,0,0,0,0
154360,0,1,1,0,0,0,0,0,0,0,0
154363,0,1,1,0,0,0,0,0,0,0,0
154364,0,1,1,0,0,0,0,0,0,0,0
154365,0,1,1,0,0,0,0,0,0,0,0
154390,0,0,0,1,0,0,0,0,0,0,0
154410,0,0,0,0,0,0,0,1,0,0,0
154412,0,0,0,0,0,0,0,1,0,0,0
154413,0,0,0,0,0,0,0,1,0,0,0
154414,0,0,0,0,0,0,0,1,0,0,0
154443,0,0,0,0,0,0,0,0,0,1,0
154656,0,0,0,0,0,1,0,0,1,1,0
154672,0,0,0,1,0,0,0,0,0,0,0
154747,0,0,0,0,0,0,0,0,1,1,0
154962,0,1,1,0,0,0,0,0,0,0,1
154963,0,1,1,0,0,0,0,0,0,0,1
154964,0,1,1,0,0,0,0,0,0,0,1
154965,0,1,1,0,0,0,0,0,0,0,1
154966,0,1,1,0,0,0,0,0,0,0,1
155063,0,0,0,0,1,0,0,0,0,0,0
155064,0,0,0,0,1,0,0,0,0,0,0
155130,0,1,1,0,0,0,0,0,0,0,1
155138,0,1,1,0,0,0,0,0,0,0,1
155140,0,1,1,0,0,0,0,0,0,0,1
155141,0,1,1,0,0,0,0,0,0,0,1
155142,0,1,1,0,0,0,0,0,0,0,1
155307,0,0,0,1,0,0,0,0,0,0,0
